{"sentences":[{"text":{"content":"<100분토론> 오늘은 정시확대 찬반논란에 대해 토론해보겠습니다.","beginOffset":-1},"sentiment":{"magnitude":0,"score":0}},{"text":{"content":"함께 해줄 패널 소개합니다.","beginOffset":-1},"sentiment":{"magnitude":0.20000000298023224,"score":0.20000000298023224}},{"text":{"content":"먼저 정시확대를 주장하시는 분들입니다.","beginOffset":-1},"sentiment":{"magnitude":0,"score":0}},{"text":{"content":"이현 우리교육연구소 대표 나오셨습니다.","beginOffset":-1},"sentiment":{"magnitude":0.20000000298023224,"score":0.20000000298023224}},{"text":{"content":"공부의 신으로 불리는 분이죠.","beginOffset":-1},"sentiment":{"magnitude":0.10000000149011612,"score":0.10000000149011612}},{"text":{"content":"강성태 공신닷컴 대표 자리해주셨습니다.","beginOffset":-1},"sentiment":{"magnitude":0.20000000298023224,"score":0.20000000298023224}},{"text":{"content":"그리고 정시확대를 반대하는 분들이십니다.","beginOffset":-1},"sentiment":{"magnitude":0.20000000298023224,"score":-0.20000000298023224}},{"text":{"content":"전경원 전교조참교육 연구소장 나오셨습니다.","beginOffset":-1},"sentiment":{"magnitude":0.20000000298023224,"score":0.20000000298023224}},{"text":{"content":"그리고 사교육걱정 없는 세상의김태훈 정책부위원장 자리해주셨습니다.","beginOffset":-1},"sentiment":{"magnitude":0.6000000238418579,"score":0.6000000238418579}},{"text":{"content":"문재인 대통령이 지난달 국회 시정연설에서 대입 정시확대 방침을 언급했습니다.","beginOffset":-1},"sentiment":{"magnitude":0.10000000149011612,"score":0.10000000149011612}},{"text":{"content":"그리고 관련 논의가 신속하게 진행이 되고 있는데요.","beginOffset":-1},"sentiment":{"magnitude":0.5,"score":0.5}},{"text":{"content":"사실은 시청자 분들을 위해서 수험생 자녀가 없으면 사실 입시제도에 대해서 큰 관심 없고 정시가 뭐고 수시가 뭔지 모르는 분들도 많습니다.","beginOffset":-1},"sentiment":{"magnitude":0.4000000059604645,"score":-0.4000000059604645}},{"text":{"content":"그래서 정시는 뭐고 수시는 뭐고 또 요새 많이들 이야기하는 학생부종합전형, 즉 학종은 무엇이고 그렇다면 지금 고3수험생들이 대체로어떤 방식으로 해서 대학을 진학하고 있는지 그런 부분에 대해서제가 또 공부의 신이시니까 강성태 대표께 조금 간략하게 설명을부탁드리겠습니다.","beginOffset":-1},"sentiment":{"magnitude":0,"score":0}},{"text":{"content":"네, 간단히 말씀드리면 정시는 우리 옛날부터 해왔던그런 방식입니다.","beginOffset":-1},"sentiment":{"magnitude":0,"score":0}},{"text":{"content":"시험 한 번으로 보통 들어간다고 하는데 다른 것들이 낄 순 있지만 어쨌거나 수능이 가장 큰 비중을 차지하고 수시는 수능보다는 내신이 중요한데 그 수시중에서도 학생부종합전형이라는 건 말 그대로 종합적으로 다 본다는 겁니다.","beginOffset":-1},"sentiment":{"magnitude":0,"score":0}},{"text":{"content":"교과내용뿐만아니라 비교과까지 다 본다는 건데 학종전형이 되게 확장됐는데지금 스카이대학 우리가 소위 말하는 스카이대학에서 학종 전형 60%정도 되거든요.","beginOffset":-1},"sentiment":{"magnitude":0.4000000059604645,"score":-0.4000000059604645}},{"text":{"content":"전체 학생의 10명 중에 8명 정도가 수시고 그중에 이제 한 6명 정도가 학종으로 간다 라고 보시면 될 것 같습니다.","beginOffset":-1},"sentiment":{"magnitude":0.20000000298023224,"score":0.20000000298023224}},{"text":{"content":"스카이대학 한해서요.","beginOffset":-1},"sentiment":{"magnitude":0.30000001192092896,"score":0.30000001192092896}},{"text":{"content":"그렇군요.","beginOffset":-1},"sentiment":{"magnitude":0.30000001192092896,"score":0.30000001192092896}},{"text":{"content":"그러니까 지금 정시라고 하는 것이 보통 우리가 수능, 그러니까 시험을 봐서 점수로 가는 것이 정시고 수시라는 것은 여러 가지 전형이 있는데 그중에서 학생부전형, 그런데 학생부전형에는 학생부종합전형이라는 것이 있고 또 학생부교과전형 같이 내신을 중심으로 하는 것이 있고 학생부종합전형 같은 경우 주로 추천서라든지 생활기록부, 선생님께서 작성해주시는 거라든지 자기소개서라든지 자기가 내신 외에 어떤 활동을 했는가 종합적으로 쓴 것을 말하는 것이죠.","beginOffset":-1},"sentiment":{"magnitude":0.20000000298023224,"score":0.20000000298023224}},{"text":{"content":"그리고 대학별 전형 같은 것도있는데 이거는 좀 줄어드는 추세라고 제가 들었고요.","beginOffset":-1},"sentiment":{"magnitude":0.20000000298023224,"score":-0.20000000298023224}},{"text":{"content":"지금 가장 얘기가 많이 나오는 것이 지금 학생부종합전형 말씀하신 것처럼 소위 우리가 좋은 대학이다 라는 곳에서는 수시가 굉장히 많이 확장이 돼있고 그중에서도 학생부종합전형을 통해서 학생들을 많이 뽑는다, 그런데 이 학생부종합전형이 문제가 된다 라고 얘기들 나오고 있습니다.","beginOffset":-1},"sentiment":{"magnitude":0,"score":0}},{"text":{"content":"네 분 모두 사실 학교에서 또 교육일선에서 학부모, 교사 또 학생들하고 접촉을 많이 하시잖아요.","beginOffset":-1},"sentiment":{"magnitude":0,"score":0}},{"text":{"content":"소통도 많이 하시는데 이번에 정시확대 방침이 나오고 난 후에 현장에서의 반응들은또 어떤 지 그리고 또 네 분의 의견도 함께 들어보도록 하겠습니다.","beginOffset":-1},"sentiment":{"magnitude":0.5,"score":0.5}},{"text":{"content":"이현 대표님 먼저 말씀을 시작해주시죠.","beginOffset":-1},"sentiment":{"magnitude":0,"score":0}},{"text":{"content":"현장반응은 제 의견도 좋지만 우리 강 선생님 학생들하고 직접 많이 만나시니까 강 선생님이 생생한 얘기를 들려주는것 좋을 것 같아요.","beginOffset":-1},"sentiment":{"magnitude":0.5,"score":0.5}},{"text":{"content":"저는 사실 토론프로 생전 처음인데요.","beginOffset":-1},"sentiment":{"magnitude":0,"score":0}},{"text":{"content":"솔직히 <100분토론> 제가 나오고 싶진 않았습니다.","beginOffset":-1},"sentiment":{"magnitude":0.4000000059604645,"score":-0.4000000059604645}},{"text":{"content":"왜냐하면 제가 뭐 논객도 아니고 그리고 무슨 대단한 엄청 배운 사람도 아니거든요.","beginOffset":-1},"sentiment":{"magnitude":0.5,"score":-0.5}},{"text":{"content":"학생들이랑 가장 많이 아마 제가 학생들을 대한민국에서 제가 제일 많이 접할 거예요.","beginOffset":-1},"sentiment":{"magnitude":0.6000000238418579,"score":0.6000000238418579}},{"text":{"content":"이렇게 인터넷 방송이나 여러 가지 하거든요.","beginOffset":-1},"sentiment":{"magnitude":0.30000001192092896,"score":-0.30000001192092896}},{"text":{"content":"그런데제가 나온 이유는 최악인 것 같아요.","beginOffset":-1},"sentiment":{"magnitude":0.699999988079071,"score":-0.699999988079071}},{"text":{"content":"그러니까 어떻게 이것보다더 안 좋을 수 있을까 생각이 들 정도로,. 현재 교육상황이요.","beginOffset":-1},"sentiment":{"magnitude":0,"score":0}},{"text":{"content":"지금 10년 넘는 시간 동안 사교육이 줄었느냐, 아니면 학생들이 부담이 줄었느냐, 학부모님들의 부담이 줄었느냐, 아니면 비리가 줄어들었느냐, 아니면 특정지역이나 아니면 특정학교, 특정계층 쏠림현상이 줄어들었느냐, 덜 악화만 됐거든요.","beginOffset":-1},"sentiment":{"magnitude":0.10000000149011612,"score":-0.10000000149011612}},{"text":{"content":"제가 나온 이유는 학생 여러분들이 제발 좀 나가서 팩트폭행 좀 해달라고 해서 제가 나온 건데 실제 있는 이야기들이 어떤 이야기인지말씀을 드리려고 나왔고요.","beginOffset":-1},"sentiment":{"magnitude":0.5,"score":-0.5}},{"text":{"content":"지금 현재 뭐 이런 이야기가 나와가지고 그나마 학생 학부모님들은 정시가 확대된다고 하니까 이걸 되게 반기고 있고 또 한쪽에서는 그러면 언제부터 어떻게 구체적으로 되는지, 왜냐하면 준비해야 되니까 좀 혼란스러운 느낌도 좀 있고 그런 상황입니다.","beginOffset":-1},"sentiment":{"magnitude":0.5,"score":-0.5}},{"text":{"content":"그렇군요.","beginOffset":-1},"sentiment":{"magnitude":0.30000001192092896,"score":0.30000001192092896}},{"text":{"content":"학생이나 학부모 굉장히 많이 접하는 입장에서 봤을 때 학생이나 학부모 입장에서는 반기고 있다, 그런데 이게 언제 진행되는 것인지, 그 부분에 대해서 아직 정해진 바가 없어서 굉장히 혼란스러워하고 있다는 말씀이셨고요.","beginOffset":-1},"sentiment":{"magnitude":0.20000000298023224,"score":-0.20000000298023224}},{"text":{"content":"또 그러면 우리 전경원 소장님.","beginOffset":-1},"sentiment":{"magnitude":0.10000000149011612,"score":0.10000000149011612}},{"text":{"content":"일단은 지금 현재 문제가 되고 있는 가장 심각한 상황은 교육불평등이 심화됐다, 그리고 계층의 대물림이 계속 반복되고 있다, 특권이 대물림되고 있다, 이 문제인데 이게 진단입니다.","beginOffset":-1},"sentiment":{"magnitude":0.5,"score":-0.5}},{"text":{"content":"그렇다면 그게 맞는 처방은 어디를 향해야 하느냐 하면 가장 소외되고 약자라고 할 수 있는 기초생활수급자 가정이나 차상위계층 가정 학생들이 대학으로 진학할 수 있는 폭을 넓혀줘야 되는 겁니다다.","beginOffset":-1},"sentiment":{"magnitude":0.20000000298023224,"score":-0.20000000298023224}},{"text":{"content":"그러면 그 전형에 가장 적합한 것은 고른기회의전형이에요.","beginOffset":-1},"sentiment":{"magnitude":0.20000000298023224,"score":0.20000000298023224}},{"text":{"content":"고른기회전형과 혹은 학생부교과전형을 확대하는 것이 계층의 이동을 가능하게 하는 것이지 정시를 확대하는 것이 과연 계층의 이동을 가능하게 하는 문제냐, 이 점에 대해서 깊이 살펴봐야 하는 대목이 있고요.","beginOffset":-1},"sentiment":{"magnitude":0.20000000298023224,"score":0.20000000298023224}},{"text":{"content":"그 다음에 1500명 넘는 지성인들이 오늘 시국선언을최근에 발표했죠.","beginOffset":-1},"sentiment":{"magnitude":0,"score":0}},{"text":{"content":"그리고 시도교육감들도 강한 어조로 정시확대에 대해서 반대하고 있습니다.","beginOffset":-1},"sentiment":{"magnitude":0.5,"score":-0.5}},{"text":{"content":"심지어 수능의 창시자인 박도순 명예교수님이 뭐라고 언급하셨느냐 하면 수능이 무력화 돼야 학교가 살아난다, 심하게는 수능이 사라져도 된다고 언급을 지금 하고계신단 말이죠.","beginOffset":-1},"sentiment":{"magnitude":0.4000000059604645,"score":-0.4000000059604645}},{"text":{"content":"그리고 그 박도순 교수님 말씀에 의하면 수능을 창시한 당사자께서 뭐라고 이야기하시느냐 하면 수능점수에서 ±10점은 학생의 능력을 구분하는 점수치가 아니다, 변별력 없다, 이렇게 지금 언급하고 있어요.","beginOffset":-1},"sentiment":{"magnitude":0.20000000298023224,"score":-0.20000000298023224}},{"text":{"content":"이런 상황에서 정시확대가 가져온 지금파급효과가 뭐냐 하면 제가 오늘 여기 들어오기 전에 신문을 봤더니 서울신문에서 이런 기사를 났습니다.","beginOffset":-1},"sentiment":{"magnitude":0.5,"score":-0.5}},{"text":{"content":"‘정시확대 불붙은 강남 학세권 대치동 한 달 새 2억 껑충, 전세값도 일주일새 강남구가 가장많이 치솟았음’ 이런 기사가 지금 나가고 있는데 과연 정부가 결정한 정시확대의 정책이 특정한 지역이나 특정한 계층을 위해서 이렇게 결정을 해도 되는 문제인가에 대해선 심각한 우려를 하고 있습니다.","beginOffset":-1},"sentiment":{"magnitude":0.4000000059604645,"score":-0.4000000059604645}},{"text":{"content":"알겠습니다.","beginOffset":-1},"sentiment":{"magnitude":0.20000000298023224,"score":0.20000000298023224}},{"text":{"content":"제가 사실은 학교나 또 선생님들 반응이어떤 지 여쭤보려고 했었거든요.","beginOffset":-1},"sentiment":{"magnitude":0.30000001192092896,"score":-0.30000001192092896}},{"text":{"content":"저희가 이현 대표님의 의견 먼저듣고 그 다음에 제가 또 김태훈 위원장님 부위원장님이 바라보시는 교사들의 반응, 학교의 반응을 들어보도록 하겠습니다.","beginOffset":-1},"sentiment":{"magnitude":0.20000000298023224,"score":0.20000000298023224}},{"text":{"content":"이현 대표님.","beginOffset":-1},"sentiment":{"magnitude":0.20000000298023224,"score":0.20000000298023224}},{"text":{"content":"전 선생님 말씀하셨던 고른기회 전형을 확대할 필요가 있다, 저는 100% 공감을 해요.","beginOffset":-1},"sentiment":{"magnitude":0.30000001192092896,"score":0.30000001192092896}},{"text":{"content":"그런데 그게 학종이어야 된다, 난센스다, 고른기회전형은 학종이 만들어지기 이전부터 있었던 거고 이전에는 예를 들자면 그런 겁니다.","beginOffset":-1},"sentiment":{"magnitude":0,"score":0}},{"text":{"content":"저소득층전형이나 농어촌학생전형이나 장애인들을 위한 전형 같은 것들이 대표적이죠.","beginOffset":-1},"sentiment":{"magnitude":0.10000000149011612,"score":-0.10000000149011612}},{"text":{"content":"이런 사회적 약자를 갖다 배려하고 그들의 대학진출 기회를 갖다 넓히기 위한 전형이 확대될 필요가 있다.","beginOffset":-1},"sentiment":{"magnitude":0,"score":0}},{"text":{"content":"100% 동의하고요.","beginOffset":-1},"sentiment":{"magnitude":0.800000011920929,"score":0.800000011920929}},{"text":{"content":"이것하고 학종은 별개 문제입니다.","beginOffset":-1},"sentiment":{"magnitude":0.30000001192092896,"score":-0.30000001192092896}},{"text":{"content":"이건 이 학생들 대상으로 수능성적으로 뽑을 수도 있고 내신할 수 있고 면접할 수도 있는 문제인 거예요.","beginOffset":-1},"sentiment":{"magnitude":0,"score":0}},{"text":{"content":"문제는 학종 일반이 문제입니다.","beginOffset":-1},"sentiment":{"magnitude":0.4000000059604645,"score":-0.4000000059604645}},{"text":{"content":"일반인 학생 대상으로 학종.","beginOffset":-1},"sentiment":{"magnitude":0,"score":0}},{"text":{"content":"여기에서 계속 문제제기가 되고 있는 거고 이것을 투명하게 만들 필요가 있고 비중을 줄일 필요가 있다.","beginOffset":-1},"sentiment":{"magnitude":0.20000000298023224,"score":-0.20000000298023224}},{"text":{"content":"그러기 위해서 정시를 확대할 필요가 있다는 것이 아까 우리 강 선생님도 말씀하셨지만 많은학부모나 수험생들이 공통적으로 느끼는 문제라고 생각이 되고 어디에 표현되느냐, 여론조사로 그냥 표현되는 겁니다.","beginOffset":-1},"sentiment":{"magnitude":0.20000000298023224,"score":-0.20000000298023224}},{"text":{"content":"최근에 여론조사로도 정시확대 돼야 된다는 여론조사가 62% 넘지 않습니까?","beginOffset":-1},"sentiment":{"magnitude":0.10000000149011612,"score":-0.10000000149011612}},{"text":{"content":"거기에 반대하는 의견은 20%대 초반이어서 거의 3:1 의견 차이를보이고 있는데 이것이 현실을 그대로 보여주는 거다, 전 그렇게 생각합니다.","beginOffset":-1},"sentiment":{"magnitude":0,"score":0}},{"text":{"content":"알겠습니다.","beginOffset":-1},"sentiment":{"magnitude":0.20000000298023224,"score":0.20000000298023224}},{"text":{"content":"우리 김태훈 부위원장님이 교사 분들 그리고 학교에서 반응을 조금 제가 듣고 싶은데요.","beginOffset":-1},"sentiment":{"magnitude":0.10000000149011612,"score":0.10000000149011612}},{"text":{"content":"제가 요즘 SNS에서 재미있는 그림을 하나 이렇게 좀봐가지고 소개를 해드리려고 합니다.","beginOffset":-1},"sentiment":{"magnitude":0.20000000298023224,"score":-0.20000000298023224}},{"text":{"content":"잘 보이실지 모르겠는데 이게 지금 교육 문제가 해결되지는 않고 돌고돌고 있다, 이런 그림인데요.","beginOffset":-1},"sentiment":{"magnitude":0.30000001192092896,"score":-0.30000001192092896}},{"text":{"content":"정시가 중심이었던 시절이 있었고 정시가 문제풀이식 주입식 교육이다.","beginOffset":-1},"sentiment":{"magnitude":0,"score":0}},{"text":{"content":"그렇게 해서 안 맞다고 해서 학생의 활동을 중심으로 하는 수시가 확대됐다.","beginOffset":-1},"sentiment":{"magnitude":0,"score":0}},{"text":{"content":"그런데 이제 아시다시피 수시가 이제 각종 스펙화되는 바람에 문제가 많이 생겼다.","beginOffset":-1},"sentiment":{"magnitude":0.5,"score":-0.5}},{"text":{"content":"그렇다면 지금 반응은정시로 돌아가자는 건데 이게 과연 맞는 거냐, 왜냐하면 우리가 정시위주의 전형을 안 겪어본 게 아니거든요.","beginOffset":-1},"sentiment":{"magnitude":0.30000001192092896,"score":-0.30000001192092896}},{"text":{"content":"그러면 다시 수시가 문제니까 정시로 다시 돌아가자고 그러면 예전에 학생부종합전형이도입되기 전에 있었던 많은 문제들, 왜냐하면 수능중심의 전형은수능 한 번의 시험으로 인생이 결정되는 거냐, 또 재수생이 양산되고 그 다음에 역량중심 교육과정인데 학생들의 창의적인 거라든지 뭐 이런 문제해결력이라든지 이런 것들을 찾아야 되는데 뭐 주어진 문제에서 답 찾기 가지고 되겠느냐, 이런 것들이 다시 반복된다는 거예요.","beginOffset":-1},"sentiment":{"magnitude":0.6000000238418579,"score":-0.6000000238418579}},{"text":{"content":"그렇기 때문에 우리가 상식적으로 생각했을 때 학종이 문제가 생겼다면 학종의 문제를 어떻게 하면 해결할 것인가에대해서 집중해야 되는데 왜 과거에 문제가 다 있었던, 드러났었던정시로 돌아가려고 하는 것이냐, 이건 납득하기가 힘들다, 이런 반응입니다.","beginOffset":-1},"sentiment":{"magnitude":0.6000000238418579,"score":-0.6000000238418579}},{"text":{"content":"학생이나 학부모 측에서는 정시가 좋다는 의견이라고 아까 강성태 대표가 말씀하셨는데 학교에 있는 선생님들은 다른 의견이십니까?","beginOffset":-1},"sentiment":{"magnitude":0.20000000298023224,"score":-0.20000000298023224}},{"text":{"content":"그러니까 이게 어떤 거냐하면 나중에 만약에 정시가다시 확대된다면 그러면 정시에 대한 비난여론은 없을 것이냐, 예전에 15년, 20년 전에 정시위주의 입시였을 때 그 입시에 대한 비판여론은 이만큼 높지 않았느냐, 마찬가지였다는 거예요.","beginOffset":-1},"sentiment":{"magnitude":0,"score":0}},{"text":{"content":"제가 정리하고 가야 될 것 같아서요.","beginOffset":-1},"sentiment":{"magnitude":0.6000000238418579,"score":0.6000000238418579}},{"text":{"content":"전교조나 일선에 계신 선생님들의 입장은 수시를 확장해야 된다는 말씀이십니까?","beginOffset":-1},"sentiment":{"magnitude":0,"score":0}},{"text":{"content":"아니면 수시에도  사실 여러 가지 전형이 있잖아요.","beginOffset":-1},"sentiment":{"magnitude":0.10000000149011612,"score":-0.10000000149011612}},{"text":{"content":"학종 같은경우 그런 경우 어떤 입장이신지 조금 명확하게 설명을 부탁드릴게요.","beginOffset":-1},"sentiment":{"magnitude":0,"score":0}},{"text":{"content":"전교조 입장을 명확하게 설명을 드리겠습니다.","beginOffset":-1},"sentiment":{"magnitude":0,"score":0}},{"text":{"content":"전교조의 공식 입장은 학생부교과전형을 확대하는 것이 저희의 공식입장입니다.","beginOffset":-1},"sentiment":{"magnitude":0,"score":0}},{"text":{"content":"학생부교과전형.","beginOffset":-1},"sentiment":{"magnitude":0,"score":0}},{"text":{"content":"수시중에서 내신중심이란 말씀이시죠?","beginOffset":-1},"sentiment":{"magnitude":0,"score":0}},{"text":{"content":"그렇습니다.","beginOffset":-1},"sentiment":{"magnitude":0.20000000298023224,"score":0.20000000298023224}},{"text":{"content":"그것을 확대하는 것이고 학생부교과전형을 그것을 확대하는 것이고 학생부종합전형에 대해서 지금 드러난 문제점이 심각하다는 것을 저희가 인식하고 있고 그것에 대한개선을 요구하고 있는 상황이고 그 다음에 동시에 기획균형선발전형 우리가 바른기회선발전형이라고 얘기하는데 그 전형을 통해서기초생활수급자 가정이나 차상위계층 가정 학생들이 주요대학에진학할 수 있는 문을 더 넓혀줘야 된다, 이게 공식입장이고요.","beginOffset":-1},"sentiment":{"magnitude":0.30000001192092896,"score":-0.30000001192092896}},{"text":{"content":"그다음에 아까 여론조사 관련해서 말씀하셨는데 하나 짚어야 되는대목이 뭐냐 하면 여론조사 항목이 학교의 기능에 대해선 우리 시청자들이나 국민들께 여쭤보지 않았던 거예요.","beginOffset":-1},"sentiment":{"magnitude":0.30000001192092896,"score":-0.30000001192092896}},{"text":{"content":"그 여론조사는 단순히 학종이 바람직하느냐, 정시가 바람직하느냐 라고 했을 때 공정성에 대한 불만이 굉장히 큰 상태이기 때문에 학종보다는 수능이 공정하다고 답을 했는데 사실 국민들께 이 여론조사에서 학교의 기능이 무엇이냐라고 물어본다면 지식전달만 하면 되는 곳이다 라고 답하진 않을 거예요.","beginOffset":-1},"sentiment":{"magnitude":0.5,"score":-0.5}},{"text":{"content":"학교가 지식을 전달하는 역할도 있지만 성장하면서 타인과 관계 맺는 능력, 공감능력, 비판능력, 이런것들도 같이 키워주는 것이 학교의 역할이다 라고 응답할 거란 말이죠.","beginOffset":-1},"sentiment":{"magnitude":0.10000000149011612,"score":-0.10000000149011612}},{"text":{"content":"이런 것들을.","beginOffset":-1},"sentiment":{"magnitude":0.20000000298023224,"score":0.20000000298023224}},{"text":{"content":"그런 얘기에 반대할 사람은 없을 거예요.","beginOffset":-1},"sentiment":{"magnitude":0.10000000149011612,"score":0.10000000149011612}},{"text":{"content":"그런데 문제는 인문계 고등학교 나온 아이들이 대학에 가는데 공감능력지수가지고 선발할 수 있는 게 아니고요.","beginOffset":-1},"sentiment":{"magnitude":0.4000000059604645,"score":-0.4000000059604645}},{"text":{"content":"동아리 뭐 했느냐가지고 선발할 수 있는 게 아니라는 거죠.","beginOffset":-1},"sentiment":{"magnitude":0.4000000059604645,"score":-0.4000000059604645}},{"text":{"content":"학교에서 배운 걸 중심으로 해서 얘가 갖춘 지적역량이 얼마큼 되느냐가지고 평가해서 대학에 가야되는 것 아니겠습니까?","beginOffset":-1},"sentiment":{"magnitude":0,"score":0}},{"text":{"content":"학교에서는 지식만 가르쳐선 안 된다, 다공감하죠.","beginOffset":-1},"sentiment":{"magnitude":0,"score":0}},{"text":{"content":"그런데 인문계 고등학교에서 정말 대학가기 위해서 준비하는 과정에서 배워야 되는 게 뭐냐, 그것을 잘 배운 애들이 잘배운 성과를 갖다 드러내서 대학 가는 게 올바른 것 아니냐라는 문제의식이 결국 수능과목이라고 하는 게 학교에서 배운 교과목을바탕으로 하지 않습니까?","beginOffset":-1},"sentiment":{"magnitude":0.5,"score":-0.5}},{"text":{"content":"제가 늘 말씀드리지만 고등학교 2학년에 34시간 일주일에 수업을 하는데 28시간 국어 영어 수학 사회 과학이란 말이죠.","beginOffset":-1},"sentiment":{"magnitude":0,"score":0}},{"text":{"content":"학교에서 34시간 중에 28시간 공부를 해요.","beginOffset":-1},"sentiment":{"magnitude":0.20000000298023224,"score":0.20000000298023224}},{"text":{"content":"그 공부한 결과를 평가해서 대학에 갈 수 있도록 하자 라고 하는 것이인성교육 반대하자 이런 얘기하고 일치될 수 있는 건 아닌 겁니다.","beginOffset":-1},"sentiment":{"magnitude":0.5,"score":-0.5}},{"text":{"content":"한마디만.","beginOffset":-1},"sentiment":{"magnitude":0,"score":0}},{"text":{"content":"제가 강성태 대표한테.","beginOffset":-1},"sentiment":{"magnitude":0,"score":0}},{"text":{"content":"좀 모순이 되고 이해가 안 돼서 여쭤보는데요.","beginOffset":-1},"sentiment":{"magnitude":0.30000001192092896,"score":-0.30000001192092896}},{"text":{"content":"내신으로 이제 학생들 뽑자고 말씀하셨잖아요.","beginOffset":-1},"sentiment":{"magnitude":0,"score":0}},{"text":{"content":"아까 판넬 잠깐 볼 수 있나요.","beginOffset":-1},"sentiment":{"magnitude":0,"score":0}},{"text":{"content":"네.","beginOffset":-1},"sentiment":{"magnitude":0,"score":0}},{"text":{"content":"판넬 보시면 제가 어떤 문구를 봤느냐 하면요.","beginOffset":-1},"sentiment":{"magnitude":0.30000001192092896,"score":0.30000001192092896}},{"text":{"content":"저기보면 가장 왼쪽 핵심이 문제풀이 위주 주입식 교육이라고 하셨잖아요.","beginOffset":-1},"sentiment":{"magnitude":0.10000000149011612,"score":-0.10000000149011612}},{"text":{"content":"그게 내신이거든요.","beginOffset":-1},"sentiment":{"magnitude":0,"score":0}},{"text":{"content":"내신 시험 잘 아시잖아요.","beginOffset":-1},"sentiment":{"magnitude":0.4000000059604645,"score":0.4000000059604645}},{"text":{"content":"어떤 식으로나와요.","beginOffset":-1},"sentiment":{"magnitude":0.10000000149011612,"score":0.10000000149011612}},{"text":{"content":"학교에서 이제 수업시간에 하신 것, 책에 나온 것 달달 외워서 그냥 거기다 뱉어내면 그냥 100점 나옵니다.","beginOffset":-1},"sentiment":{"magnitude":0.5,"score":0.5}},{"text":{"content":"공신들도 그냥이건 성실성 테스트라고 하는 거예요.","beginOffset":-1},"sentiment":{"magnitude":0.30000001192092896,"score":-0.30000001192092896}},{"text":{"content":"시험 자체가 어떤 식으로 준비를 하느냐 하면 예를 들면 영어 독해시험 같은 경우 학생들이 어떻게 준비하느냐 하면 영어지문 해석하지도 않아요.","beginOffset":-1},"sentiment":{"magnitude":0.30000001192092896,"score":-0.30000001192092896}},{"text":{"content":"해설보고 한글 뜻 머릿속에 들어간다면 그래도 맞춰요.","beginOffset":-1},"sentiment":{"magnitude":0.30000001192092896,"score":0.30000001192092896}},{"text":{"content":"공신들이 공부법으로많이 하는 얘기가 뭐냐 하면 또 족보를 보라는 겁니다.","beginOffset":-1},"sentiment":{"magnitude":0.30000001192092896,"score":-0.30000001192092896}},{"text":{"content":"왜냐하면작년 것에서 거의 그대로 나오거든요.","beginOffset":-1},"sentiment":{"magnitude":0,"score":0}},{"text":{"content":"달달 외우는 거예요.","beginOffset":-1},"sentiment":{"magnitude":0,"score":0}},{"text":{"content":"내신이야 그야말로 말로 달달 외우는 거예요.","beginOffset":-1},"sentiment":{"magnitude":0,"score":0}},{"text":{"content":"인정하시죠?","beginOffset":-1},"sentiment":{"magnitude":0.10000000149011612,"score":0.10000000149011612}},{"text":{"content":"그런데 내신 속에는 지금 수행평가비율이 또 높아지고 있고 내신의 변화가 되고 있는 부분들을 우리가 놓쳐선 안 되잖아요.","beginOffset":-1},"sentiment":{"magnitude":0.30000001192092896,"score":0.30000001192092896}},{"text":{"content":"높아지고 있지만.","beginOffset":-1},"sentiment":{"magnitude":0.10000000149011612,"score":0.10000000149011612}},{"text":{"content":"나아지고 있다 이 말씀하시는 거잖아요.","beginOffset":-1},"sentiment":{"magnitude":0.10000000149011612,"score":0.10000000149011612}},{"text":{"content":"그러니까 본질적으로 수능이든 내신이든 사실은 지금 우리가 대입이 대학경쟁이 강화되고 있으니까 경쟁이 심한 건맞아요.","beginOffset":-1},"sentiment":{"magnitude":0.20000000298023224,"score":-0.20000000298023224}},{"text":{"content":"하지만 내신에는 여러 가지 학생들의 수업의 변화라든지수행평가를 통한 변화 같은 것들이 반영되고 있는 반면 수능에서는 그런 것들이 반영될 여지가 거의 없지 않습니까?","beginOffset":-1},"sentiment":{"magnitude":0,"score":0}},{"text":{"content":"그런 차이가있는 것이죠.","beginOffset":-1},"sentiment":{"magnitude":0,"score":0}},{"text":{"content":"제가 말씀을 좀 드려볼게요.","beginOffset":-1},"sentiment":{"magnitude":0.30000001192092896,"score":-0.30000001192092896}},{"text":{"content":"왜냐하면 수능이랑 내신이랑 출제되는 과정 자체가 엄청난 차이가 있습니다.","beginOffset":-1},"sentiment":{"magnitude":0,"score":0}},{"text":{"content":"학교 선생님들께서 밤마다 수업 도시는 것도 바빠요.","beginOffset":-1},"sentiment":{"magnitude":0.699999988079071,"score":0.699999988079071}},{"text":{"content":"학생들 상담하는 것도 바쁘고.","beginOffset":-1},"sentiment":{"magnitude":0.20000000298023224,"score":0.20000000298023224}},{"text":{"content":"그리고 또 행정업무도 엄청 많습니다.","beginOffset":-1},"sentiment":{"magnitude":0.8999999761581421,"score":0.8999999761581421}},{"text":{"content":"그런 와중에 문제를출제하려고 하면 양질의 문제가 나올 수가 없어요.","beginOffset":-1},"sentiment":{"magnitude":0.4000000059604645,"score":-0.4000000059604645}},{"text":{"content":"그런데 반면 수능을 예를 들면 이제 최고의 교수님들, 그리고 선생님들께서 저기어디 호텔 감금돼가지고 정말 퀄리티 높은 문제를 내세요.","beginOffset":-1},"sentiment":{"magnitude":0.4000000059604645,"score":0.4000000059604645}},{"text":{"content":"수능을우리가 주입식으로 외워가지고 풀 수 있다, 이렇게 생각하시는 건그건 공부법을 모르는 겁니다.","beginOffset":-1},"sentiment":{"magnitude":0.30000001192092896,"score":0.30000001192092896}},{"text":{"content":"그러니까 성적이 안 나오는 거예요.","beginOffset":-1},"sentiment":{"magnitude":0.30000001192092896,"score":-0.30000001192092896}},{"text":{"content":"엄청나게 생각을 사고력을 측정하는 시험이거든요.","beginOffset":-1},"sentiment":{"magnitude":0.10000000149011612,"score":0.10000000149011612}},{"text":{"content":"그러니까문제 퀄리티 자체가 너무나도 다르다는 거예요.","beginOffset":-1},"sentiment":{"magnitude":0.5,"score":-0.5}},{"text":{"content":"내신은 그냥 달달 외우는 것에 초점이 맞춰져 있는데.","beginOffset":-1},"sentiment":{"magnitude":0,"score":0}},{"text":{"content":"학생부교과전형에서 내신위주로 하는 방향으로 가자고 하시는데 내신이라고 해서 뭐가 다를 게 있느냐는 지금 말씀이신 거죠?","beginOffset":-1},"sentiment":{"magnitude":0.20000000298023224,"score":-0.20000000298023224}},{"text":{"content":"더 심각하다는 겁니다.","beginOffset":-1},"sentiment":{"magnitude":0,"score":0}},{"text":{"content":"더 심각합니다.","beginOffset":-1},"sentiment":{"magnitude":0.10000000149011612,"score":0.10000000149011612}},{"text":{"content":"우리 강성태 씨가 학교 다닐 때와 지금 학교 현장의수행평가의 비율이 많이 달라졌다는 점도 지금 간과하고 계시고지금 학교에 보면 수행평가비율이 과반이 이미 넘었습니다.","beginOffset":-1},"sentiment":{"magnitude":0.20000000298023224,"score":0.20000000298023224}},{"text":{"content":"수행평가라는 것은 뭐냐 하면 교육과정에서 목표를 달성하기 위한 성취기준들이 있는데 그 성취기준을 그냥 주입식으로 가르치는 게아니라 학생들이 프로젝트 위주의 수업을 하거나 학습하거나 혹은 과제를 수행하거나 혹은 현장학습을 하거나 다양한 방식으로해서 지금 학습의 혁신, 교육혁신이 일어나고 있는데 그 비율이 과반을 이미 넘어섰습니다.","beginOffset":-1},"sentiment":{"magnitude":0,"score":0}},{"text":{"content":"지필고사만 해도 많은 학교들이 30%내지 40% 혹은 적게는 20% 반영하는 학교도 있고 수행으로 100% 반영하는 학교들도 있어요.","beginOffset":-1},"sentiment":{"magnitude":0.10000000149011612,"score":0.10000000149011612}},{"text":{"content":"그렇다면 말씀하셨듯이 지필고사의 그수준이라는 것이 그렇게 지금 말씀하셨듯이 뭐 단순암기로 해결된다 이렇게 얘기하긴 어렵고요.","beginOffset":-1},"sentiment":{"magnitude":0.10000000149011612,"score":-0.10000000149011612}},{"text":{"content":"또 학교 현장에 있는 지금 많은 선생님들이 출제하는 수준이 과거 같이 그렇게 얘기했을 때처럼 단순하게 교과서를 단순활용을 해서 내는 이런 문제가 아니고 수능이 기준이 돼서 선생님들도 출제할 때 수능이 기준으로 해서 수능방식으로 내신을 다 출제하고 있지 단순암기로 꼭 출제한다, 이렇게 이야기하면 현장에서 많이 출제하시는 분들은에 대한 오해가될 겁니다.","beginOffset":-1},"sentiment":{"magnitude":0.10000000149011612,"score":-0.10000000149011612}},{"text":{"content":"수행평가랑 관련해서 이게 아이들을 얼마나 괴롭히고통스럽게 만드는지, 엄마들이 수행평가를 어떻게 해주는지, 학원에서 어떻게 해주는지 이 논의는 제가 생각할 때 오늘 논의의 초점은 아닌 것 같아서 논의의 우리 핵심적인 초점으로 돌아가는 게좋을 것 같으니까 또 내신성적이 얼마나 훌륭해졌는지 제가 생각할 때 이 방송을 들으시는 학부모나 학생들은 판단하실 거라고 보는데 아무튼 의사진행발언입니다.","beginOffset":-1},"sentiment":{"magnitude":0.30000001192092896,"score":-0.30000001192092896}},{"text":{"content":"우리 논의의 초점으로 돌아가자,. 알겠습니다.","beginOffset":-1},"sentiment":{"magnitude":0.10000000149011612,"score":0.10000000149011612}},{"text":{"content":"뭐 하여튼 굉장히 많은 얘기가 오가고 있는데 일단은 학생부종합전형이 굉장히 많이 얘기가 나오고 있어요.","beginOffset":-1},"sentiment":{"magnitude":0,"score":0}},{"text":{"content":"제가 알기로도 아까도 강성태 대표가 말씀하셨지만 유수의 대학에서는 수시중에서도 학생부종합전형으로 뽑는 학교들이 굉장히 많고 제가 알기로 포항공대 같은 경우 100% 작년에 학종으로뽑았다고 알고 있고요.","beginOffset":-1},"sentiment":{"magnitude":0.30000001192092896,"score":0.30000001192092896}},{"text":{"content":"그렇다면 이게 굉장히 많은 비율을 차지하는데 이게 어떻게 보면 예전에 문제가 굉장히 많이 됐었던 입학사정관제를 지금 뭐 물려받은 것이다 라고 해도 과언이 아니겠죠.","beginOffset":-1},"sentiment":{"magnitude":0.5,"score":-0.5}},{"text":{"content":"그리고 어떻게 보면 여기에 뭐 추천서라든지 생활기록부라든지 자기소개서라든지 이런 데 부모의 영향력, 선생님의 영향력이 굉장히많이 들어가고 주관적이다, 그런 부분에서 문제가 많이 되고 있습니다.","beginOffset":-1},"sentiment":{"magnitude":0.4000000059604645,"score":-0.4000000059604645}},{"text":{"content":"글쎄요.","beginOffset":-1},"sentiment":{"magnitude":0.4000000059604645,"score":0.4000000059604645}},{"text":{"content":"정시라는 것이 결국 저는 사실은 그 전 세대이긴 합니다만 이게 어떻게 보면 야만적인 방법이기도 하고 그날 딱 가서시험 한 번 봐서 점수로 가는 거니까 그럼에도 불구하고 60%가 넘는 국민들이 이게 공정하다고 판단하는데는 분명히 이유가 있지않겠습니까?","beginOffset":-1},"sentiment":{"magnitude":0.5,"score":-0.5}},{"text":{"content":"학생부종합전형 같은 경우 보완을 해야 된다 말씀하시는데 어떤 생각 갖고 말씀하시는 건가요?","beginOffset":-1},"sentiment":{"magnitude":0,"score":0}},{"text":{"content":"지금 사실은 학생부종합전형이 예전 학생부종합전형에 비해서 갈수록 보완이 되고 있거든요.","beginOffset":-1},"sentiment":{"magnitude":0,"score":0}},{"text":{"content":"예를 들면 학생부종합전형에서 가장 문제가 되는 게 비교과영역이잖아요.","beginOffset":-1},"sentiment":{"magnitude":0.20000000298023224,"score":-0.20000000298023224}},{"text":{"content":"왜냐하면 비교과영역은 부모나 사교육이 개입될 수 있으니까, 그 다음에 비교과영역을 챙기느라 아이들이 너무 바쁘단 말이죠.","beginOffset":-1},"sentiment":{"magnitude":0.10000000149011612,"score":-0.10000000149011612}},{"text":{"content":"그래서 지금 학생부종합전형의 개선방향은 비교과요소를 줄여가는 방향에 있습니다.","beginOffset":-1},"sentiment":{"magnitude":0,"score":0}},{"text":{"content":"그래서 2010년에 교외상이 삭제가 됐고 2011년에는 해외봉사활동이 없어졌고 그 다음에 요즘 최근에 문제가 많이 되고 있는 고등학생이 논문 써서 하는 것 있죠.","beginOffset":-1},"sentiment":{"magnitude":0.20000000298023224,"score":-0.20000000298023224}},{"text":{"content":"2014년에 제외가 됐거든요.","beginOffset":-1},"sentiment":{"magnitude":0.20000000298023224,"score":-0.20000000298023224}},{"text":{"content":"이렇게 제외가 돼가고 있는 상황이고 작년에 학생부 정책숙려제에서는 학기당 한 번의 수상실적과 1년에 1개의 자율동아리만 빼고 없애자고 해서 2022부터 적용된단 말이에요.","beginOffset":-1},"sentiment":{"magnitude":0.30000001192092896,"score":-0.30000001192092896}},{"text":{"content":"계속 줄이다 보면 수능만 남겠네요.","beginOffset":-1},"sentiment":{"magnitude":0.10000000149011612,"score":-0.10000000149011612}},{"text":{"content":"그러니까 제가 말씀드리고자 하는 것은 그러니까 지금 비판하는 분들이 학종에 대한 비판, 강성태 선생님이 비판하는것들이 어찌 보면 예전에 입학사정관제 도입 초기에 있었던 비판인데 지금은 그때 비해선 또 많이 비교과도 줄어들었고 앞으로도줄어들어가고 있는 것인데 나중에 그러면 무엇으로 변별할 것인가는 좀 논외로 치더라도 하여튼 간에 지금 이 흐름이 학생부종합전형이 개선되어 가고 있는 과정에 있다, 이런 측면을 좀 간과해선안 되지 않느냐.","beginOffset":-1},"sentiment":{"magnitude":0,"score":0}},{"text":{"content":"그 과정이 지금 10년을 넘게 기다렸거든요.","beginOffset":-1},"sentiment":{"magnitude":0,"score":0}},{"text":{"content":"그런데 얼마나 100년을 더 기다려야 되나요?","beginOffset":-1},"sentiment":{"magnitude":0,"score":0}},{"text":{"content":"그리고 최근에 많이 나아졌다고 했는데 작년에 그 자소서를 하나 읽어드릴게요.","beginOffset":-1},"sentiment":{"magnitude":0,"score":0}},{"text":{"content":"잠깐만 짧게 읽어드릴게요.","beginOffset":-1},"sentiment":{"magnitude":0.20000000298023224,"score":0.20000000298023224}},{"text":{"content":"‘작업전극과 상대전극의 산소나노튜브를 이용한 염료감응형 태양전지 특성 연구를 읽게 되었습니다.","beginOffset":-1},"sentiment":{"magnitude":0.20000000298023224,"score":0.20000000298023224}},{"text":{"content":"이 EIS, J-V 특성곡선과 같은 생소한 학술적 용어 때문에 이해하기 어려웠습니다.","beginOffset":-1},"sentiment":{"magnitude":0.20000000298023224,"score":-0.20000000298023224}},{"text":{"content":"탄소나노튜브에 흐르는 28전류측정실험에서 그래프에 나타나는 JSC와 같은 용어처럼 정확하게 이해하지 못한 것도 있었지만 처음 보다 수월하게 이해할 수 있었고 열정과 끈기를 가지는 과정임을 배울 수 있었습니다’ 이게 뭐냐 하면 서울대학교에서 공개한 작년 그 학생부종합전형 자기 소개서 우수사례입니다.","beginOffset":-1},"sentiment":{"magnitude":0.5,"score":0.5}},{"text":{"content":"검색해보시면 이 내용이 나와요.","beginOffset":-1},"sentiment":{"magnitude":0.10000000149011612,"score":0.10000000149011612}},{"text":{"content":"이해되시나요?","beginOffset":-1},"sentiment":{"magnitude":0.20000000298023224,"score":-0.20000000298023224}},{"text":{"content":"제가 이 학교 공대 나왔는데저도 이해 못합니다.","beginOffset":-1},"sentiment":{"magnitude":0,"score":0}},{"text":{"content":"그리고 다른 자소서 우수사례 보면 엡실론-델타 논법 나옵니다.","beginOffset":-1},"sentiment":{"magnitude":0.10000000149011612,"score":-0.10000000149011612}},{"text":{"content":"대학교 과정이 아니라 대학원 과정이에요.","beginOffset":-1},"sentiment":{"magnitude":0,"score":0}},{"text":{"content":"지금 비교과 좋아요.","beginOffset":-1},"sentiment":{"magnitude":0.8999999761581421,"score":0.8999999761581421}},{"text":{"content":"학생부종합전형 비교과 본단 말입니다.","beginOffset":-1},"sentiment":{"magnitude":0.10000000149011612,"score":-0.10000000149011612}},{"text":{"content":"비교과가 뭐냐 하면 교과 학교에서 가르치는 교과가 아닌 내용이면서 전공에 대한 열정, 전공에 대한 어떤 관심, 전공에 대한 더 깊이 있는 심화과정을 원하는 데다 이 학생의 개성을 원하잖아요.","beginOffset":-1},"sentiment":{"magnitude":0.5,"score":0.5}},{"text":{"content":"이걸 종합적으로 말하면 한마디로 뭔 줄 아세요?","beginOffset":-1},"sentiment":{"magnitude":0.5,"score":-0.5}},{"text":{"content":"대학교 과정을 선행하라는 거예요.","beginOffset":-1},"sentiment":{"magnitude":0.20000000298023224,"score":-0.20000000298023224}},{"text":{"content":"그 전공을 선행하라는 거예요.","beginOffset":-1},"sentiment":{"magnitude":0.10000000149011612,"score":-0.10000000149011612}},{"text":{"content":"그래서 지금 어느 정도냐 하면 대학교 심지어 대학원 사교육까지 받고 있어요.","beginOffset":-1},"sentiment":{"magnitude":0,"score":0}},{"text":{"content":"학생들이.","beginOffset":-1},"sentiment":{"magnitude":0.10000000149011612,"score":0.10000000149011612}},{"text":{"content":"이걸 서울대학교에서.","beginOffset":-1},"sentiment":{"magnitude":0,"score":0}},{"text":{"content":"지금 강성태 선생님이 지금 잘못 말씀하시고 있는 부분이 뭐냐 하면 그런 요소들이 그런 문제가 됐었던 비교과요소들이 지금도 많이 삭제가 됐고 앞으로 2022학년부터 더 대폭 삭제가될 것이다.","beginOffset":-1},"sentiment":{"magnitude":0.6000000238418579,"score":-0.6000000238418579}},{"text":{"content":"자기소개서 아닌가요?","beginOffset":-1},"sentiment":{"magnitude":0,"score":0}},{"text":{"content":"자기소개서가 없어질 수 있나요?","beginOffset":-1},"sentiment":{"magnitude":0,"score":0}},{"text":{"content":"나아지고 있다 이 말씀하시잖아요.","beginOffset":-1},"sentiment":{"magnitude":0.20000000298023224,"score":0.20000000298023224}},{"text":{"content":"그동안 조금씩 조금씩 좋아지고 있는 과정에서 작년에 이제 알다시피 학생부 정책숙려제가 되면서 또 대폭 삭제가 되는 측면이 있고.","beginOffset":-1},"sentiment":{"magnitude":0.30000001192092896,"score":-0.30000001192092896}},{"text":{"content":"다 빼면 뭘로,. 그 대목에서.","beginOffset":-1},"sentiment":{"magnitude":0,"score":0}},{"text":{"content":"이현 대표님.","beginOffset":-1},"sentiment":{"magnitude":0.20000000298023224,"score":0.20000000298023224}},{"text":{"content":"오늘 교육부에서 학종 실태조사 발표하지 않았습니까?","beginOffset":-1},"sentiment":{"magnitude":0.4000000059604645,"score":-0.4000000059604645}},{"text":{"content":"첫 번째는 아주 씁쓸한 현실 확인, 두 번째는 제가 놀란 자료가 있었고, 세 번째는 개탄 자료가 있었는데 실태에 관한 얘기입니다.","beginOffset":-1},"sentiment":{"magnitude":0.10000000149011612,"score":0.10000000149011612}},{"text":{"content":"앞으로 나아질 거다가 아니라 지금 어떻게 하고 있느냐를 보여주는 거죠.","beginOffset":-1},"sentiment":{"magnitude":0.30000001192092896,"score":-0.30000001192092896}},{"text":{"content":"고교간 차별이 제도화 돼 있다는 걸 보여주는 자료였습니다.","beginOffset":-1},"sentiment":{"magnitude":0.20000000298023224,"score":0.20000000298023224}},{"text":{"content":"13개 대학 합격자들 학종 합격자들 보면 그래프가 선그래프로 돼 있는데 대충 계산해보니까 일반고는 1등급대 합격자들이 과고는 3등급대 중후반에 가있더라고요.","beginOffset":-1},"sentiment":{"magnitude":0.30000001192092896,"score":-0.30000001192092896}},{"text":{"content":"이게 4년 동안 계속 그렇습니다.","beginOffset":-1},"sentiment":{"magnitude":0.10000000149011612,"score":-0.10000000149011612}},{"text":{"content":"과학고 말씀하시는 거죠.","beginOffset":-1},"sentiment":{"magnitude":0.10000000149011612,"score":-0.10000000149011612}},{"text":{"content":"외고 특목고도 마찬가지로 위에 올라가 있습니다.","beginOffset":-1},"sentiment":{"magnitude":0,"score":0}},{"text":{"content":"일종에 고교등급제라는 말씀이시죠.","beginOffset":-1},"sentiment":{"magnitude":0,"score":0}},{"text":{"content":"그렇죠.","beginOffset":-1},"sentiment":{"magnitude":0.30000001192092896,"score":0.30000001192092896}},{"text":{"content":"대학이 고등학교 차별을 제도화 시켜놓았다라는 걸 확인시켜주는 제도인 거죠.","beginOffset":-1},"sentiment":{"magnitude":0,"score":0}},{"text":{"content":"많은 분들이 무슨 얘기를 해오셨느냐하면 학종이 일반고한테 유리하다, 보여주는 데이터는요.","beginOffset":-1},"sentiment":{"magnitude":0.10000000149011612,"score":-0.10000000149011612}},{"text":{"content":"서울대, 연대, 고대가 아닙니다.","beginOffset":-1},"sentiment":{"magnitude":0.10000000149011612,"score":0.10000000149011612}},{"text":{"content":"서울 13개 대학까지 간 거니까 사실 최상위권 대학만이 아닌데도 불구하고 일반고 학생들 합격자가 1등급 돼있는 거예요.","beginOffset":-1},"sentiment":{"magnitude":0.10000000149011612,"score":0.10000000149011612}},{"text":{"content":"이 말은 일반고에 있는 아이들 중에 90%이상은 서울 주요대학의 학종에서 소외됐다는 걸 그대로 보여주는 거죠.","beginOffset":-1},"sentiment":{"magnitude":0.10000000149011612,"score":0.10000000149011612}},{"text":{"content":"씁쓸한 겁니다.","beginOffset":-1},"sentiment":{"magnitude":0.10000000149011612,"score":0.10000000149011612}},{"text":{"content":"두 번째는요.","beginOffset":-1},"sentiment":{"magnitude":0,"score":0}},{"text":{"content":"교육부 자료에 보면 늘 일반고가 학종에게 유리하다고 얘기하는 것들의 근거로 쓰였던 것들인데 이번 데이터 보면요.","beginOffset":-1},"sentiment":{"magnitude":0,"score":0}},{"text":{"content":"학종으로 합격한 13개 대학에 거기 학종의 합격자 중에 일반고 비중, 수능 합격자 중에 일반고 비중이 도표로 나와 있습니다.","beginOffset":-1},"sentiment":{"magnitude":0.10000000149011612,"score":0.10000000149011612}},{"text":{"content":"만약에 학종이 일반고에게 유리하다면 학종합격자 중에 일반고 학생이 많아야겠죠.","beginOffset":-1},"sentiment":{"magnitude":0.10000000149011612,"score":0.10000000149011612}},{"text":{"content":"수능합격자 중에 일반고학생은 적어야 될 겁니다.","beginOffset":-1},"sentiment":{"magnitude":0.10000000149011612,"score":0.10000000149011612}},{"text":{"content":"그런데 교육부의 실태자료를 보면 학종합격자에서 일반고 비중이 더 적고 수능합격자에서 일반고 비중이 더 많습니다.","beginOffset":-1},"sentiment":{"magnitude":0.10000000149011612,"score":-0.10000000149011612}},{"text":{"content":"이게 최상위권으로 가면 더 극명해집니다.","beginOffset":-1},"sentiment":{"magnitude":0.30000001192092896,"score":0.30000001192092896}},{"text":{"content":"제 얘기마저 드리고 얘기해주시죠.","beginOffset":-1},"sentiment":{"magnitude":0.6000000238418579,"score":-0.6000000238418579}},{"text":{"content":"제가 오류를 좀.","beginOffset":-1},"sentiment":{"magnitude":0.699999988079071,"score":-0.699999988079071}},{"text":{"content":"제 말 끝내고 얘기하시면 좋을 것 같아요.","beginOffset":-1},"sentiment":{"magnitude":0.4000000059604645,"score":0.4000000059604645}},{"text":{"content":"최상위권으로 가면 더 극명해진다 라는 건 무슨 뜻이냐 하면 작년도 서울대학교 입학한 친구들 자료를 보면요.","beginOffset":-1},"sentiment":{"magnitude":0.10000000149011612,"score":-0.10000000149011612}},{"text":{"content":"서울대 학종일반이 있습니다.","beginOffset":-1},"sentiment":{"magnitude":0.30000001192092896,"score":0.30000001192092896}},{"text":{"content":"늘 여기다 다 넣으려고 하는데 수능은 일반수능을 말하니까 학종도 일반학종을 얘기하죠.","beginOffset":-1},"sentiment":{"magnitude":0.5,"score":0.5}},{"text":{"content":"수시일반으로 정원의 절반이상을 뽑습니다.","beginOffset":-1},"sentiment":{"magnitude":0,"score":0}},{"text":{"content":"자, 이 학종의 일반고 학격자가 35%정도 됩니다.","beginOffset":-1},"sentiment":{"magnitude":0.10000000149011612,"score":0.10000000149011612}},{"text":{"content":"특목고 합격자가 64%정도 되는 거죠.","beginOffset":-1},"sentiment":{"magnitude":0.10000000149011612,"score":0.10000000149011612}},{"text":{"content":"학종의 일반고가 훨씬 적은 겁니다.","beginOffset":-1},"sentiment":{"magnitude":0.20000000298023224,"score":-0.20000000298023224}},{"text":{"content":"서울대 정시는 수능 100%입니다.","beginOffset":-1},"sentiment":{"magnitude":0.5,"score":0.5}},{"text":{"content":"작년도에 특목고 자사고가 수능에더 유리하면 더 많아야 될 거잖아요.","beginOffset":-1},"sentiment":{"magnitude":0.20000000298023224,"score":0.20000000298023224}},{"text":{"content":"그런데 특목고 자사고 출신합격자는 수능 정시 100%에서 37%입니다.","beginOffset":-1},"sentiment":{"magnitude":0,"score":0}},{"text":{"content":"왜  그럴까요?","beginOffset":-1},"sentiment":{"magnitude":0.6000000238418579,"score":-0.6000000238418579}},{"text":{"content":"왜 그럴까 조금 이따 얘기하시고요.","beginOffset":-1},"sentiment":{"magnitude":0.4000000059604645,"score":-0.4000000059604645}},{"text":{"content":"우선 실태를 보라는 겁니다.","beginOffset":-1},"sentiment":{"magnitude":0,"score":0}},{"text":{"content":"두 번째 실태는 뭘 보여주느냐, 학종이 일반고에게 유리하고 그리고 수능은 특목고 자사고에게 유리하다, 이번에 교육부 데이터가 보여주는 게 그렇지 않다는 사실을 보여준다.","beginOffset":-1},"sentiment":{"magnitude":0.30000001192092896,"score":-0.30000001192092896}},{"text":{"content":"제가 아까 말씀드릴 때 놀란 게 있다고 그랬습니다.","beginOffset":-1},"sentiment":{"magnitude":0.10000000149011612,"score":-0.10000000149011612}},{"text":{"content":"이 얘기는 꼭 드리고싶어요.","beginOffset":-1},"sentiment":{"magnitude":0.800000011920929,"score":0.800000011920929}},{"text":{"content":"짧게 부탁드리겠습니다.","beginOffset":-1},"sentiment":{"magnitude":0,"score":0}},{"text":{"content":"제가 놀랐던 자료는요.","beginOffset":-1},"sentiment":{"magnitude":0,"score":0}},{"text":{"content":"학생부종합전형 하는데 학생한 명당 서류평가시간이 15분도 안 된다는 겁니다.","beginOffset":-1},"sentiment":{"magnitude":0.5,"score":-0.5}},{"text":{"content":"학생 한 명을서류평가 하는데 15분 80% 이상한테 15분도 쓰지 않았더라고요.","beginOffset":-1},"sentiment":{"magnitude":0.6000000238418579,"score":-0.6000000238418579}},{"text":{"content":"전체 평균 내보니까 약 13분입니다.","beginOffset":-1},"sentiment":{"magnitude":0,"score":0}},{"text":{"content":"아이들이 3년 동안 그 학생도멋지게 만들어보려고 그렇게 애를 쓰고 노력하는데 한 줄 잘 써보려고 그렇게 노력하는데 대학교에서는 15분도 안 되는 시험 가지고 학생부 자소서 추천서 봐서 어, 내가 너 학업역량 알아, 딱 보니까 아네, 너의 미래발전가능성 알아, 어른들이 이러면 안 되는 거고, 제 말 끝나면 얘기해주세요.","beginOffset":-1},"sentiment":{"magnitude":0.5,"score":-0.5}},{"text":{"content":"시간을 늘리면 되는 문제고요.","beginOffset":-1},"sentiment":{"magnitude":0.6000000238418579,"score":-0.6000000238418579}},{"text":{"content":"늘리면 된다고 얘기했는데.","beginOffset":-1},"sentiment":{"magnitude":0.20000000298023224,"score":-0.20000000298023224}},{"text":{"content":"얘기하면 자꾸 고치면 된대요.","beginOffset":-1},"sentiment":{"magnitude":0.5,"score":-0.5}},{"text":{"content":"그런데 실상을 보세요.","beginOffset":-1},"sentiment":{"magnitude":0.10000000149011612,"score":0.10000000149011612}},{"text":{"content":"너무 기셔서 제가 말씀을 좀 드릴게요.","beginOffset":-1},"sentiment":{"magnitude":0,"score":0}},{"text":{"content":"말씀 끝낼게요.","beginOffset":-1},"sentiment":{"magnitude":0.10000000149011612,"score":0.10000000149011612}},{"text":{"content":"수능 하루 보고 그걸로 애들 평가한다는 것이 수능에 대한 비판 중에 하나였습니다.","beginOffset":-1},"sentiment":{"magnitude":0.10000000149011612,"score":-0.10000000149011612}},{"text":{"content":"애들이 8시간 시험봅니다.","beginOffset":-1},"sentiment":{"magnitude":0.10000000149011612,"score":0.10000000149011612}},{"text":{"content":"학종은요.","beginOffset":-1},"sentiment":{"magnitude":0.10000000149011612,"score":0.10000000149011612}},{"text":{"content":"내가 3년 서류 준비한 걸 13분 보는 겁니다.","beginOffset":-1},"sentiment":{"magnitude":0.10000000149011612,"score":-0.10000000149011612}},{"text":{"content":"13분 보고 평가하는 것은 굉장히 깊이 있고 훌륭한 평가라고 할 수 있는 것이고 3년 공부한 것 모의고사 계속 봐온 다음에 8시간 집중해서 시험 봐서 낸 성적을 하루 성적이다 이렇게 말씀하셔선 안 된다.","beginOffset":-1},"sentiment":{"magnitude":0.10000000149011612,"score":0.10000000149011612}},{"text":{"content":"시간문제는 제일 짧게 지금 평균 나온 대학 사례를 가지고 말씀하셔서 그런 거고요.","beginOffset":-1},"sentiment":{"magnitude":0,"score":0}},{"text":{"content":"그렇지 않아요.","beginOffset":-1},"sentiment":{"magnitude":0.10000000149011612,"score":-0.10000000149011612}},{"text":{"content":"13개 전체 평균이에요.","beginOffset":-1},"sentiment":{"magnitude":0.20000000298023224,"score":0.20000000298023224}},{"text":{"content":"그리고 고교서열화 문제 아까 말씀하신 부분은 지금우리나라 고등학교가 이미 서열화가 돼 있어요.","beginOffset":-1},"sentiment":{"magnitude":0,"score":0}},{"text":{"content":"그런데 그 데이터를 가지고 당연한 얘기를 하신 겁니다.","beginOffset":-1},"sentiment":{"magnitude":0.10000000149011612,"score":0.10000000149011612}},{"text":{"content":"왜냐하면 저는 중학교 때.","beginOffset":-1},"sentiment":{"magnitude":0,"score":0}},{"text":{"content":"저는 차별화가 아니라 차별의 제도화를 말하는 겁니다.","beginOffset":-1},"sentiment":{"magnitude":0.10000000149011612,"score":-0.10000000149011612}},{"text":{"content":"들어보세요.","beginOffset":-1},"sentiment":{"magnitude":0.20000000298023224,"score":0.20000000298023224}},{"text":{"content":"중학교 때 가장 공부 잘하는 애들이 영재학교 갑니다.","beginOffset":-1},"sentiment":{"magnitude":0.800000011920929,"score":0.800000011920929}},{"text":{"content":"그리고 그 다음 애들이 과학고 가요.","beginOffset":-1},"sentiment":{"magnitude":0,"score":0}},{"text":{"content":"그리고 전국단위 자사고 갑니다.","beginOffset":-1},"sentiment":{"magnitude":0,"score":0}},{"text":{"content":"차별이 정당하다?","beginOffset":-1},"sentiment":{"magnitude":0.30000001192092896,"score":-0.30000001192092896}},{"text":{"content":"정당하다는 게 아니라.","beginOffset":-1},"sentiment":{"magnitude":0.30000001192092896,"score":-0.30000001192092896}},{"text":{"content":"말씀 좀 들어보시죠.","beginOffset":-1},"sentiment":{"magnitude":0.30000001192092896,"score":-0.30000001192092896}},{"text":{"content":"서열화가 이미 돼 있는 상황인데 그걸 대학들도 알고있습니다.","beginOffset":-1},"sentiment":{"magnitude":0.10000000149011612,"score":0.10000000149011612}},{"text":{"content":"그러니까 뽑는 인원도 그것에 따라서 결정된다는 말씀을 제가 드리는 거고 제가 중요한 자료를 좀 하나 보여드리면 이자료를 한 번 보시면 지금 보시면 이게 지금 서울 주요대학에서 학생부교과하고 고른기회전형 비율을 얘기하는 겁니다.","beginOffset":-1},"sentiment":{"magnitude":0,"score":0}},{"text":{"content":"4년제 대학전체 비율이 학생부교과전형이 42.4%예요.","beginOffset":-1},"sentiment":{"magnitude":0,"score":0}},{"text":{"content":"그런데 여기 지금 보면 주요 15개 대학은 7.1%밖에 안 뽑고 있어요.","beginOffset":-1},"sentiment":{"magnitude":0,"score":0}},{"text":{"content":"그리고 학생부종합전형 비율, 수능 비율 이렇게 돼 있는데 특히 서울대 연고대 같은경우 고른비율전형 비율이 4%에서 5%밖에 되지 않아요.","beginOffset":-1},"sentiment":{"magnitude":0.10000000149011612,"score":-0.10000000149011612}},{"text":{"content":"평균도안 되고 있습니다.","beginOffset":-1},"sentiment":{"magnitude":0.6000000238418579,"score":-0.6000000238418579}},{"text":{"content":"그러니까 이 비율을 늘리고 학생부교과 비율도전국 4년제 대학의 평균치는 가야 된다 라는 말씀을 드리는 거고요.","beginOffset":-1},"sentiment":{"magnitude":0,"score":0}},{"text":{"content":"그 다음에 또 하나는 뭐냐 하면.","beginOffset":-1},"sentiment":{"magnitude":0.30000001192092896,"score":-0.30000001192092896}},{"text":{"content":"그게 학종이랑 무슨 관계가 있죠?","beginOffset":-1},"sentiment":{"magnitude":0,"score":0}},{"text":{"content":"지금 약간 다른 얘기들을 하고 계시는 것 같긴 합니다.","beginOffset":-1},"sentiment":{"magnitude":0.20000000298023224,"score":0.20000000298023224}},{"text":{"content":"지금.","beginOffset":-1},"sentiment":{"magnitude":0.10000000149011612,"score":-0.10000000149011612}},{"text":{"content":"아니, 수능을 계속 확대하자고 말씀드리는데 제가 기회와 과정과 결과의 측면에서 수능을 분석해보면 이렇게 드릴 수가 있어요.","beginOffset":-1},"sentiment":{"magnitude":0,"score":0}},{"text":{"content":"지금 여기 보세요.","beginOffset":-1},"sentiment":{"magnitude":0.5,"score":0.5}},{"text":{"content":"전국에 있는 일반고 학생들이 대학에 진학하는 비율을 보면 77%입니다.","beginOffset":-1},"sentiment":{"magnitude":0.20000000298023224,"score":0.20000000298023224}},{"text":{"content":"그런데 여기 보면 강남3구소재 학생들은 진학률이 3, 40%예요.","beginOffset":-1},"sentiment":{"magnitude":0,"score":0}},{"text":{"content":"학교알리미 통해서 다 나오고 있습니다.","beginOffset":-1},"sentiment":{"magnitude":0.5,"score":0.5}},{"text":{"content":"이건.","beginOffset":-1},"sentiment":{"magnitude":0.10000000149011612,"score":-0.10000000149011612}},{"text":{"content":"그렇다면 강남의 경우에는 절반 이상이 재수삼수 N수를 선택하고 있는데 재수비용이 1년에 3, 4000만 원입니다.","beginOffset":-1},"sentiment":{"magnitude":0,"score":0}},{"text":{"content":"이게 과연 기회가 공정한 수능인가에 대해서 제가 문제제기를한 번 하고 그 다음에 과정을 한 번 들여다보겠습니다.","beginOffset":-1},"sentiment":{"magnitude":0,"score":0}},{"text":{"content":"이 오늘 발표에서도 나왔지만 EBS수능특강으로도 공부를 못하는 학생들이있어요.","beginOffset":-1},"sentiment":{"magnitude":0.4000000059604645,"score":0.4000000059604645}},{"text":{"content":"이것조차도 인강 시설이 없어서 못하는 학교 학생들이 있습니다.","beginOffset":-1},"sentiment":{"magnitude":0.6000000238418579,"score":-0.6000000238418579}},{"text":{"content":"인강시설이 없다고요?","beginOffset":-1},"sentiment":{"magnitude":0.4000000059604645,"score":-0.4000000059604645}},{"text":{"content":"인터넷이 안 된다고요?","beginOffset":-1},"sentiment":{"magnitude":0.4000000059604645,"score":-0.4000000059604645}},{"text":{"content":"그런 도서벽지 지역도 지금 있습니다.","beginOffset":-1},"sentiment":{"magnitude":0.10000000149011612,"score":0.10000000149011612}},{"text":{"content":"그리고 월 1000만 원의 족집게 과외를 받으면서 가정에서 수능공부를 하는 사람들이 있어요.","beginOffset":-1},"sentiment":{"magnitude":0,"score":0}},{"text":{"content":"그런 친구들이.","beginOffset":-1},"sentiment":{"magnitude":0,"score":0}},{"text":{"content":"이런 경우에 결과를 우리가 과연 공정하다고 할 수 있는지, 그 다음에 마지막 결과입니다.","beginOffset":-1},"sentiment":{"magnitude":0,"score":0}},{"text":{"content":"결과를 보면요.","beginOffset":-1},"sentiment":{"magnitude":0,"score":0}},{"text":{"content":"지금 경향신문에 보도된 결과인데 강남구 인구가 54만 명입니다.","beginOffset":-1},"sentiment":{"magnitude":0.10000000149011612,"score":-0.10000000149011612}},{"text":{"content":"그리고 4대 광역시 인구가 1000만 명이 넘어요.","beginOffset":-1},"sentiment":{"magnitude":0.10000000149011612,"score":0.10000000149011612}},{"text":{"content":"정시로 지금 3년 동안 입학한 통계를 보면 강남구에서 54만 명에서 347명이 입학을 했습니다.","beginOffset":-1},"sentiment":{"magnitude":0,"score":0}},{"text":{"content":"3년 간 정시로.","beginOffset":-1},"sentiment":{"magnitude":0,"score":0}},{"text":{"content":"그런데 4대 광역시, 광주 대구 부산 인천에서 1000만 명 넘는 인구에서 325명이 서울대 정시로 들어갔습니다.","beginOffset":-1},"sentiment":{"magnitude":0.10000000149011612,"score":0.10000000149011612}},{"text":{"content":"정시를 확대했을 때 어떤 계층이 가장 유리한가를 단적으로 보여주는 자료입니다.","beginOffset":-1},"sentiment":{"magnitude":0.4000000059604645,"score":0.4000000059604645}},{"text":{"content":"선생님 그런데.","beginOffset":-1},"sentiment":{"magnitude":0.20000000298023224,"score":0.20000000298023224}},{"text":{"content":"이 부분에 있어서 답변을 할 수 있어야 합니다.","beginOffset":-1},"sentiment":{"magnitude":0.20000000298023224,"score":-0.20000000298023224}},{"text":{"content":"선생님이 그렇게 말씀하시면 안 되죠.","beginOffset":-1},"sentiment":{"magnitude":0.30000001192092896,"score":-0.30000001192092896}},{"text":{"content":"왜냐하면 선생님 하나고에서 오셨잖아요.","beginOffset":-1},"sentiment":{"magnitude":0.10000000149011612,"score":0.10000000149011612}},{"text":{"content":"자, 지금 서울대를 가장 많이 보낸 학교 2018학년도에 1위부터 10위까지 일반고 하나도 없습니다.","beginOffset":-1},"sentiment":{"magnitude":0.20000000298023224,"score":-0.20000000298023224}},{"text":{"content":"그리고 1위부터 20위까지 하면 일반고 단 하나 있거든요.","beginOffset":-1},"sentiment":{"magnitude":0,"score":0}},{"text":{"content":"그리고 그 하나고가 2위인데 하나고가 전교생 207명 정도 되는데 서울대 55명보냈거든요.","beginOffset":-1},"sentiment":{"magnitude":0,"score":0}},{"text":{"content":"1/4이 서울대를 갔어요.","beginOffset":-1},"sentiment":{"magnitude":0.10000000149011612,"score":-0.10000000149011612}},{"text":{"content":"그러면 55명 중에 정시가 몇명일 것 같아요.","beginOffset":-1},"sentiment":{"magnitude":0,"score":0}},{"text":{"content":"아니 여기는.","beginOffset":-1},"sentiment":{"magnitude":0.5,"score":-0.5}},{"text":{"content":"잠깐만요.","beginOffset":-1},"sentiment":{"magnitude":0.4000000059604645,"score":0.4000000059604645}},{"text":{"content":"말씀.","beginOffset":-1},"sentiment":{"magnitude":0,"score":0}},{"text":{"content":"저는 특정학교를 대변하는 게 아니고 특정학교를 대변하기 위해서 나온 게 아니고.","beginOffset":-1},"sentiment":{"magnitude":0.20000000298023224,"score":-0.20000000298023224}},{"text":{"content":"제 말을 끝나고.","beginOffset":-1},"sentiment":{"magnitude":0.10000000149011612,"score":-0.10000000149011612}},{"text":{"content":"강성태 대표 말씀을 들으시고 하시죠.","beginOffset":-1},"sentiment":{"magnitude":0,"score":0}},{"text":{"content":"단편적인 예잖아요.","beginOffset":-1},"sentiment":{"magnitude":0.20000000298023224,"score":0.20000000298023224}},{"text":{"content":"왜냐하면 지금, 저도 하나 고등학교 싫어하지 않습니다.","beginOffset":-1},"sentiment":{"magnitude":0.10000000149011612,"score":-0.10000000149011612}},{"text":{"content":"너무 좋아하고요.","beginOffset":-1},"sentiment":{"magnitude":0.8999999761581421,"score":0.8999999761581421}},{"text":{"content":"하나고등학교 공부의신동아리 있잖아요.","beginOffset":-1},"sentiment":{"magnitude":0,"score":0}},{"text":{"content":"같이 만든 거예요.","beginOffset":-1},"sentiment":{"magnitude":0,"score":0}},{"text":{"content":"자, 학생들이 그렇게 도와주고 있는데 그런데 55명 중에 자사고 학생들이 당연히 유리하다고하는 전형을 많이 선택할 것 아닙니까?","beginOffset":-1},"sentiment":{"magnitude":0.10000000149011612,"score":-0.10000000149011612}},{"text":{"content":"하나고에서 서울대간 55명중에 정시 단 3명입니다.","beginOffset":-1},"sentiment":{"magnitude":0.10000000149011612,"score":0.10000000149011612}},{"text":{"content":"52명이 수시라고요.","beginOffset":-1},"sentiment":{"magnitude":0.10000000149011612,"score":-0.10000000149011612}},{"text":{"content":"당연히 유리하니까지금 자사고 이렇게 하나고에서 수시로 많이 간 것 아니에요?","beginOffset":-1},"sentiment":{"magnitude":0.20000000298023224,"score":-0.20000000298023224}},{"text":{"content":"그렇죠.","beginOffset":-1},"sentiment":{"magnitude":0.30000001192092896,"score":0.30000001192092896}},{"text":{"content":"당연히.","beginOffset":-1},"sentiment":{"magnitude":0,"score":0}},{"text":{"content":"그리고 EBS 아까 인터넷이 안 되는 곳이 많다고 했는데 제가 공부법을 뭐 공부법 둘째가라면 서러운데 일단 수능은요.EBS 강의랑 문제집이랑 기출문제랑 교과서 이거면 사실 고득점나올 수 있어요.","beginOffset":-1},"sentiment":{"magnitude":0,"score":0}},{"text":{"content":"제가 예를 하나 들어볼게요.","beginOffset":-1},"sentiment":{"magnitude":0.20000000298023224,"score":0.20000000298023224}},{"text":{"content":"최근에 수능만점 나온 친구가 있거든요.","beginOffset":-1},"sentiment":{"magnitude":0.5,"score":0.5}},{"text":{"content":"이 친구가 누구냐 하면 군인이에요.","beginOffset":-1},"sentiment":{"magnitude":0.20000000298023224,"score":0.20000000298023224}},{"text":{"content":"공군인데 병장도 아니고 일병입니다.","beginOffset":-1},"sentiment":{"magnitude":0.4000000059604645,"score":-0.4000000059604645}},{"text":{"content":"그 군복무하면서 공부를 해서 수능만점이 나왔어요.","beginOffset":-1},"sentiment":{"magnitude":0.6000000238418579,"score":0.6000000238418579}},{"text":{"content":"수능 몇 번 봤을까요.","beginOffset":-1},"sentiment":{"magnitude":0.10000000149011612,"score":0.10000000149011612}},{"text":{"content":"그러면.","beginOffset":-1},"sentiment":{"magnitude":0.10000000149011612,"score":0.10000000149011612}},{"text":{"content":"일단,. 수능 몇 번 봤을까요.","beginOffset":-1},"sentiment":{"magnitude":0.20000000298023224,"score":0.20000000298023224}},{"text":{"content":"사교육을 받을 수 있습니까?","beginOffset":-1},"sentiment":{"magnitude":0,"score":0}},{"text":{"content":"군복무 하면서.","beginOffset":-1},"sentiment":{"magnitude":0.10000000149011612,"score":0.10000000149011612}},{"text":{"content":"어쨌든 고3때 한 번 봤었고 재수도 했을 거고.","beginOffset":-1},"sentiment":{"magnitude":0.20000000298023224,"score":-0.20000000298023224}},{"text":{"content":"그런데 아니 지금 학종으로 그렇게 군복무하면서 수석 할 수 있나요?","beginOffset":-1},"sentiment":{"magnitude":0.20000000298023224,"score":-0.20000000298023224}},{"text":{"content":"학종이면 몇 년 동안 학생부가 기록되지가 않아요.","beginOffset":-1},"sentiment":{"magnitude":0.800000011920929,"score":-0.800000011920929}},{"text":{"content":"학종은 고3 재학생을 대학으로 하는 거예요.","beginOffset":-1},"sentiment":{"magnitude":0,"score":0}},{"text":{"content":"군복무중인 사람을 대상으로 하는 게 아니고 학종은 고3 재학생을 대상으로 하는 거고 그리고 아까 하나고 얘기했는데 제가 그 말씀 드릴게요.","beginOffset":-1},"sentiment":{"magnitude":0.20000000298023224,"score":-0.20000000298023224}},{"text":{"content":"하나고는 학종에 특화된 학교이기 때문에 많이 가는 거지 만약에에 하나고 정시 위주로.","beginOffset":-1},"sentiment":{"magnitude":0,"score":0}},{"text":{"content":"일반고는 뭐로 특화돼 있나요?","beginOffset":-1},"sentiment":{"magnitude":0,"score":0}},{"text":{"content":"그럼 20위권 안에 19개가 다.","beginOffset":-1},"sentiment":{"magnitude":0,"score":0}},{"text":{"content":"서열화가 돼 있다고 제가 말씀드렸잖아요.","beginOffset":-1},"sentiment":{"magnitude":0.10000000149011612,"score":-0.10000000149011612}},{"text":{"content":"일반고 학생들이 이미 서열화 시스템에서 과학고, 영재고 다 진학하고 남은학생들이 사실 일반고 왔기 때문에 지금 일반고에 계신 선생님들이 괴롭다고 호소하는 게 뭐냐 하면 일반고가 이미 황폐화 됐다고얘기하는 겁니다.","beginOffset":-1},"sentiment":{"magnitude":0.5,"score":-0.5}},{"text":{"content":"이현 대표님 말씀 듣고 저희가 시청자 질문으로 가야돼서 대표님 말씀하시죠.","beginOffset":-1},"sentiment":{"magnitude":0,"score":0}},{"text":{"content":"얼마 전에 교육감님들도 그런 얘기하시고 모 정당의대표님 말씀하시길 수능 보니까 강남애들이 무지 많더라 아까 그데이터 인용하셨어요.","beginOffset":-1},"sentiment":{"magnitude":0,"score":0}},{"text":{"content":"참 안타까운 얘기입니다.","beginOffset":-1},"sentiment":{"magnitude":0.10000000149011612,"score":0.10000000149011612}},{"text":{"content":"이전에는 수능에특목고 자사고가 많이 다고 얘기하셨고 반대된 데이터를 보여주니까 이제는 수능에 강남이 많다 이렇게 얘기하면 안 되는 것이요.","beginOffset":-1},"sentiment":{"magnitude":0.4000000059604645,"score":-0.4000000059604645}},{"text":{"content":"실제, 아니 이건 데이터잖아요.","beginOffset":-1},"sentiment":{"magnitude":0,"score":0}},{"text":{"content":"그러니까 데이터 틀렸다는 게 아니고요.","beginOffset":-1},"sentiment":{"magnitude":0.4000000059604645,"score":-0.4000000059604645}},{"text":{"content":"수능 강남애들이 많다 오케이.","beginOffset":-1},"sentiment":{"magnitude":0.10000000149011612,"score":0.10000000149011612}},{"text":{"content":"그런데 이 얘기가 그래서 수능은 강남에 유리하다가 되려면 학종에서는 강남이 적다, 이 얘기를 해줘야 되는 것아닙니까?","beginOffset":-1},"sentiment":{"magnitude":0.10000000149011612,"score":-0.10000000149011612}},{"text":{"content":"수능에서 강남이 많은데 학종도 강남이 많아, 만약에 그렇다면 수능에 강남이 많다 라는 이유만으로 강남에게 유리하다이렇게 말할 수 있는 게 아니죠.","beginOffset":-1},"sentiment":{"magnitude":0.20000000298023224,"score":0.20000000298023224}},{"text":{"content":"뒷면을 말하면 수능 비강남 일반고가 있지 않겠습니까?","beginOffset":-1},"sentiment":{"magnitude":0.20000000298023224,"score":-0.20000000298023224}},{"text":{"content":"학종에 비강남 일반고가 있겠죠.","beginOffset":-1},"sentiment":{"magnitude":0.10000000149011612,"score":-0.10000000149011612}},{"text":{"content":"이 말씀하시는 분들은 비강남은 학종이 유리해, 이 얘기하시는 거잖아요.","beginOffset":-1},"sentiment":{"magnitude":0,"score":0}},{"text":{"content":"수능이 불리해, 그 데이터는 없으시죠?","beginOffset":-1},"sentiment":{"magnitude":0.10000000149011612,"score":-0.10000000149011612}},{"text":{"content":"아니요.","beginOffset":-1},"sentiment":{"magnitude":0.699999988079071,"score":-0.699999988079071}},{"text":{"content":"지금 데이터가 있습니다.","beginOffset":-1},"sentiment":{"magnitude":0.30000001192092896,"score":-0.30000001192092896}},{"text":{"content":"제가 말씀을 드릴게요.","beginOffset":-1},"sentiment":{"magnitude":0,"score":0}},{"text":{"content":"오늘 이거 교육부에서 발표한 자료입니다.","beginOffset":-1},"sentiment":{"magnitude":0.10000000149011612,"score":0.10000000149011612}},{"text":{"content":"교육부에 그 자료가 있나요?","beginOffset":-1},"sentiment":{"magnitude":0,"score":0}},{"text":{"content":"학생부에서 종합전형조사 오늘 발표한 겁니다.","beginOffset":-1},"sentiment":{"magnitude":0,"score":0}},{"text":{"content":"오늘발표 자료예요.","beginOffset":-1},"sentiment":{"magnitude":0.4000000059604645,"score":0.4000000059604645}},{"text":{"content":"여기 보면 학종에 대해서 지금 읍면지역을 보면 아주 유의미한 데이터가 나와요.","beginOffset":-1},"sentiment":{"magnitude":0.30000001192092896,"score":-0.30000001192092896}},{"text":{"content":"이게 지금 구분이 어떻게 돼 있느냐 하면.","beginOffset":-1},"sentiment":{"magnitude":0.10000000149011612,"score":-0.10000000149011612}},{"text":{"content":"전 선생님 그 얘기 찬성하는데 앞에 얘기 먼저 끝내죠.","beginOffset":-1},"sentiment":{"magnitude":0,"score":0}},{"text":{"content":"서울대학교에 비일반 강남고가 수능에서 더 많은 비중을 차지하느냐, 학종 수시에 비해서 더 많은 비중을 차지 하느냐가 제 질문이었습니다.","beginOffset":-1},"sentiment":{"magnitude":0.20000000298023224,"score":-0.20000000298023224}},{"text":{"content":"만약에 데이터가 없으시다면 데이터가 없다고 말씀해주시면 되고요.","beginOffset":-1},"sentiment":{"magnitude":0.10000000149011612,"score":-0.10000000149011612}},{"text":{"content":"이 데이터를 저는 가지고 있습니다.","beginOffset":-1},"sentiment":{"magnitude":0,"score":0}},{"text":{"content":"그 데이터는 이미 제가 아까 말씀드렸다시피.","beginOffset":-1},"sentiment":{"magnitude":0,"score":0}},{"text":{"content":"제가 잠깐 이현 선생님 말씀하신 것에 두 가지 반론을 하자면 왜 이런 이현 선생님 같은 오류가, 오류라고 하면 죄송한데 그런 인식이 나오느냐 하면 고교서열화에 대한 인식을 거기서 빼고 있기 때문이에요.","beginOffset":-1},"sentiment":{"magnitude":0.5,"score":-0.5}},{"text":{"content":"왜냐하면 우리.","beginOffset":-1},"sentiment":{"magnitude":0.20000000298023224,"score":0.20000000298023224}},{"text":{"content":"지금 강남에.","beginOffset":-1},"sentiment":{"magnitude":0.10000000149011612,"score":-0.10000000149011612}},{"text":{"content":"잠깐만요.","beginOffset":-1},"sentiment":{"magnitude":0.4000000059604645,"score":0.4000000059604645}},{"text":{"content":"제 얘기부터 하고요.","beginOffset":-1},"sentiment":{"magnitude":0,"score":0}},{"text":{"content":"왜냐하면 알다시피 각반에서 중학교에서 각반에서 상위권들은 전부 특목고나 자사고로빠져나간 상태인 거예요.","beginOffset":-1},"sentiment":{"magnitude":0,"score":0}},{"text":{"content":"왜냐하면 그걸로 학종 잘 보내니까요.","beginOffset":-1},"sentiment":{"magnitude":0.30000001192092896,"score":0.30000001192092896}},{"text":{"content":"그 학교들이.","beginOffset":-1},"sentiment":{"magnitude":0,"score":0}},{"text":{"content":"그래서 그렇기 때문에 일반고에 그러면 학종과 정시중에 어떤 게 더 유리하느냐, 그러면 사실은 특목고나 자사고 학생들이 둘 다 유리한 거예요.","beginOffset":-1},"sentiment":{"magnitude":0,"score":0}},{"text":{"content":"기본적으로.","beginOffset":-1},"sentiment":{"magnitude":0.10000000149011612,"score":-0.10000000149011612}},{"text":{"content":"왜냐하면 우수한 학생들다 뽑아갔기 때문에.","beginOffset":-1},"sentiment":{"magnitude":0.699999988079071,"score":0.699999988079071}},{"text":{"content":"서열화했고 강남 얘기도 해주시죠.","beginOffset":-1},"sentiment":{"magnitude":0.5,"score":-0.5}},{"text":{"content":"거기에서 그러고 나서 남은 일반고가 진학을 하는데있어서 어느 그래프가 높으냐는 사실은 평행적으로 비교하긴 무리가 있는 겁니다.","beginOffset":-1},"sentiment":{"magnitude":0,"score":0}},{"text":{"content":"놀라운 얘기인데.","beginOffset":-1},"sentiment":{"magnitude":0.10000000149011612,"score":0.10000000149011612}},{"text":{"content":"단 하나, 하나 더 말씀드리자면 그렇다면 그 상황에서 정시가 늘어나면 지금보다 일반고에 정시합격비율이 늘어날 거냐, 그렇지 않다는 거예요.","beginOffset":-1},"sentiment":{"magnitude":0.20000000298023224,"score":-0.20000000298023224}},{"text":{"content":"왜냐하면 그것이 바로 이제 성적우수학생들이 빠져나간 그 공간을 생각하지 않았기 때문이고요.","beginOffset":-1},"sentiment":{"magnitude":0.10000000149011612,"score":0.10000000149011612}},{"text":{"content":"그 다음에 잠깐 입학사정관 얘기를 하셨는데.","beginOffset":-1},"sentiment":{"magnitude":0,"score":0}},{"text":{"content":"아까 제가 얘기한 것에 관한 얘기를 먼저 해주시죠.","beginOffset":-1},"sentiment":{"magnitude":0,"score":0}},{"text":{"content":"논의가 넓어지니까.","beginOffset":-1},"sentiment":{"magnitude":0,"score":0}},{"text":{"content":"아까 얘기를 하셔가지고.","beginOffset":-1},"sentiment":{"magnitude":0.20000000298023224,"score":-0.20000000298023224}},{"text":{"content":"강남한테 수능이 유리하다고 말씀하신 것에 대해서 제가 말씀드린 게 여기에 대한 대답을 해주세요.","beginOffset":-1},"sentiment":{"magnitude":0.10000000149011612,"score":-0.10000000149011612}},{"text":{"content":"사실은 강남은 수능도 유리하고 학종도 유리합니다.","beginOffset":-1},"sentiment":{"magnitude":0.6000000238418579,"score":0.6000000238418579}},{"text":{"content":"만약에 학종에도 강남이 많다면 이 얘기가 성립하지않는다.","beginOffset":-1},"sentiment":{"magnitude":0,"score":0}},{"text":{"content":"강남이 다 유리하죠.","beginOffset":-1},"sentiment":{"magnitude":0.20000000298023224,"score":0.20000000298023224}},{"text":{"content":"제가 정리를 조금 해야 될 것 같습니다.","beginOffset":-1},"sentiment":{"magnitude":0.20000000298023224,"score":-0.20000000298023224}},{"text":{"content":"지금 말씀하시는 것은 사실은 이제 수능이 별로 공정하지 않다는 말씀하시는것이고 그래도 수능이 낫다, 정시가 낫다 라는 말씀하시는 건데 강남이나 특목고 자사고, 사실 이 경우는 수능이든 학종이든 다 유리한 거죠.","beginOffset":-1},"sentiment":{"magnitude":0,"score":0}},{"text":{"content":"그걸 얘기하는 겁니다.","beginOffset":-1},"sentiment":{"magnitude":0,"score":0}},{"text":{"content":"그 얘기를 하고 싶으신데 여기서 이현 대표님께서 말씀하시는 것은 그렇다면 굳이 이 정시에 대해서 공격할 이유가 없지 않느냐 라는 말씀이시고.","beginOffset":-1},"sentiment":{"magnitude":0.30000001192092896,"score":-0.30000001192092896}},{"text":{"content":"네.","beginOffset":-1},"sentiment":{"magnitude":0,"score":0}},{"text":{"content":"그런데 그나마 시골 지역이라든지 이제 교육특구가아닌 곳에서는 그나마 지금 학종이기 때문에 대학을 이 정도 보낸다고 하는 게 인식이거든요.","beginOffset":-1},"sentiment":{"magnitude":0.10000000149011612,"score":-0.10000000149011612}},{"text":{"content":"알겠습니다.","beginOffset":-1},"sentiment":{"magnitude":0.20000000298023224,"score":0.20000000298023224}},{"text":{"content":"오늘 발표 자료를 보면 이게 특별시와 광역시 중소도시 읍면소재지로 교육부에서 나눠서 통계를 냈어요.","beginOffset":-1},"sentiment":{"magnitude":0.10000000149011612,"score":0.10000000149011612}},{"text":{"content":"그런데 학생부종합전형일 때는 읍면소재지에서 진학하는 비율이 57.8%로 1위예요.","beginOffset":-1},"sentiment":{"magnitude":0.10000000149011612,"score":0.10000000149011612}},{"text":{"content":"그러니까 읍면소재지에 사는 학생들의 경우에는 57.8%가 학생부종합전형으로 진학하고 있고 2위가 수능인데 24.8%밖에 안 돼요.","beginOffset":-1},"sentiment":{"magnitude":0.30000001192092896,"score":-0.30000001192092896}},{"text":{"content":"그러니까 학생부종합전형으로 진학하는 비율의 반도 안 되고있는 거죠.","beginOffset":-1},"sentiment":{"magnitude":0.4000000059604645,"score":-0.4000000059604645}},{"text":{"content":"그런데 수능을 보면 수능은 지금 어떤 지역이 제일 강세를 보이느냐 하면 역시 특별시예요.","beginOffset":-1},"sentiment":{"magnitude":0.4000000059604645,"score":0.4000000059604645}},{"text":{"content":"서울특별시가 35.4%고 그다음에 읍면지역으로 가면 24.8%로 4위예요.","beginOffset":-1},"sentiment":{"magnitude":0.10000000149011612,"score":0.10000000149011612}},{"text":{"content":"이 4개 구분중에 가장 낮은 비율이에요.","beginOffset":-1},"sentiment":{"magnitude":0.10000000149011612,"score":0.10000000149011612}},{"text":{"content":"이런 걸 봐도 수능이라는 것은 자본집약적인도시에서 유리한 유형이고 실제 사교육의 밀집지역도 보면 서울에 보면 강남구나 서초구 이 중심으로 발달돼 있고 부산에는 해운대구가 있을 거고 광주 봉선동일대 사교육 밀집지역 위주로 환경이 발달돼 있기 때문에 수능점수가 영향을 받지 않을 수가 없는 겁니다.","beginOffset":-1},"sentiment":{"magnitude":0.699999988079071,"score":0.699999988079071}},{"text":{"content":"그런데 이거 학종은요.","beginOffset":-1},"sentiment":{"magnitude":0,"score":0}},{"text":{"content":"인강으로 불가능합니다.","beginOffset":-1},"sentiment":{"magnitude":0.699999988079071,"score":-0.699999988079071}},{"text":{"content":"맞춤으로 들어가야 돼요.","beginOffset":-1},"sentiment":{"magnitude":0,"score":0}},{"text":{"content":"이거 인강 아까 EBS 도움 받을 수 있는 건 펙트잖아요.","beginOffset":-1},"sentiment":{"magnitude":0.20000000298023224,"score":0.20000000298023224}},{"text":{"content":"지방에서도 그거 가지고 공부 할 수 있습니다.","beginOffset":-1},"sentiment":{"magnitude":0.30000001192092896,"score":0.30000001192092896}},{"text":{"content":"실제로지방에서도 만점자가 많이 나왔고요.","beginOffset":-1},"sentiment":{"magnitude":0.20000000298023224,"score":0.20000000298023224}},{"text":{"content":"그런데 학종은 컨설팅을 받는다거나 아니면 어떤 활동을 한다거나 다 저기 서울 쪽에 있어요.","beginOffset":-1},"sentiment":{"magnitude":0.10000000149011612,"score":-0.10000000149011612}},{"text":{"content":"지금 아까도 말씀드렸듯이 비교과가 많았던 시절이잖아요.","beginOffset":-1},"sentiment":{"magnitude":0,"score":0}},{"text":{"content":"그런데 지금은 당장 2022학년도부터는 비교과가 딱 두 개 빼고 다 줄어드는 상황입니다.","beginOffset":-1},"sentiment":{"magnitude":0.30000001192092896,"score":-0.30000001192092896}},{"text":{"content":"선생님 비교과 다 빼면 그게 학종인가요?","beginOffset":-1},"sentiment":{"magnitude":0.10000000149011612,"score":0.10000000149011612}},{"text":{"content":"제가 선생님께 하나만 질문을 드리는 게 그런 얘기들이 많거든요.","beginOffset":-1},"sentiment":{"magnitude":0.10000000149011612,"score":-0.10000000149011612}},{"text":{"content":"학종 같은 경우에는 지방 같은 경우 특히나 전교 1등을 하는 학생이 있다.","beginOffset":-1},"sentiment":{"magnitude":0.20000000298023224,"score":0.20000000298023224}},{"text":{"content":"그러면 전부다 몰아준다.","beginOffset":-1},"sentiment":{"magnitude":0.10000000149011612,"score":-0.10000000149011612}},{"text":{"content":"학교 내에서의 이런 거라든지 추천서라든지 이런 걸 어쨌든 한 명은 서울대 보낸다는 것은 그 학교에 굉장한 명예가 되니까 몰아준다든지 이런 경우도 되게 많고 또 지역균형 같은 경우도 있지 않습니까?","beginOffset":-1},"sentiment":{"magnitude":0,"score":0}},{"text":{"content":"그렇기 때문에 학종이 57.8% 지방에서 많이 나왔다, 그런 효과는 없는 건가요?","beginOffset":-1},"sentiment":{"magnitude":0.10000000149011612,"score":-0.10000000149011612}},{"text":{"content":"제가 궁금해서 여쭤보는 건데요.","beginOffset":-1},"sentiment":{"magnitude":0,"score":0}},{"text":{"content":"그런데 그 부분도 저도 그런 이야기를 많이 듣고 그런데 만약에 실상이 그렇다면 그것은 잘못된 문화입니다.","beginOffset":-1},"sentiment":{"magnitude":0,"score":0}},{"text":{"content":"고쳐야 되는 문화고요.","beginOffset":-1},"sentiment":{"magnitude":0,"score":0}},{"text":{"content":"그런데 오늘 이 발표한 내용에 보면 이런 항목이 있어요.","beginOffset":-1},"sentiment":{"magnitude":0,"score":0}},{"text":{"content":"‘고교유형에 따른 학생부 기재격차 및 기재금지현황’에 대한부분을 보면 기재분량을 이렇게 정리해놨습니다.","beginOffset":-1},"sentiment":{"magnitude":0.20000000298023224,"score":0.20000000298023224}},{"text":{"content":"‘고교유형에 따른 학생부 기재분량에서 큰 차이는 없으며 과학고 글자 수가 타 고교 유형대비 적음’ 이렇게 나와 있는데 실제 통계를 보면 일반고행동특성에서 768, 그 다음에 자공고 782, 자사고 757, 외고 국제고 812, 그런데 과학고가 오히려 596자예요.","beginOffset":-1},"sentiment":{"magnitude":0.10000000149011612,"score":0.10000000149011612}},{"text":{"content":"이 기재분량을 가지고고 얘기하면 이 데이터상으로 과학고가.","beginOffset":-1},"sentiment":{"magnitude":0,"score":0}},{"text":{"content":"어떻게 보면 고교등급제에 대한 이야기 같은데 제가죄송합니다.","beginOffset":-1},"sentiment":{"magnitude":0,"score":0}},{"text":{"content":"저희가 시청자 의견하고 질문이 많거든요.","beginOffset":-1},"sentiment":{"magnitude":0.4000000059604645,"score":-0.4000000059604645}}],"documentSentiment":{"magnitude":103.69999694824219,"score":0},"language":"ko"}