﻿[{"name": "가난", "frequency": 7, "index": 2}, {"name": "가능", "frequency": 7, "index": 3}, {"name": "감군", "frequency": 13, "index": 12}, {"name": "감소", "frequency": 6, "index": 14}, {"name": "강화", "frequency": 6, "index": 20}, {"name": "개혁", "frequency": 6, "index": 26}, {"name": "경제", "frequency": 5, "index": 42}, {"name": "계층", "frequency": 5, "index": 46}, {"name": "공약", "frequency": 6, "index": 58}, {"name": "과정", "frequency": 6, "index": 63}, {"name": "교수", "frequency": 8, "index": 67}, {"name": "국방", "frequency": 21, "index": 75}, {"name": "군대", "frequency": 92, "index": 76}, {"name": "군인", "frequency": 9, "index": 79}, {"name": "규모", "frequency": 6, "index": 83}, {"name": "김종대", "frequency": 10, "index": 102}, {"name": "나라", "frequency": 15, "index": 104}, {"name": "논리", "frequency": 5, "index": 117}, {"name": "논의", "frequency": 16, "index": 118}, {"name": "다음", "frequency": 10, "index": 124}, {"name": "대한민국", "frequency": 5, "index": 152}, {"name": "모병", "frequency": 66, "index": 182}, {"name": "무기", "frequency": 8, "index": 190}, {"name": "문재인", "frequency": 8, "index": 194}, {"name": "문제", "frequency": 23, "index": 195}, {"name": "미국", "frequency": 12, "index": 198}, {"name": "미군", "frequency": 6, "index": 199}, {"name": "미래", "frequency": 9, "index": 201}, {"name": "민주", "frequency": 5, "index": 203}, {"name": "반대", "frequency": 5, "index": 209}, {"name": "방법", "frequency": 5, "index": 215}, {"name": "방식", "frequency": 6, "index": 216}, {"name": "변화", "frequency": 6, "index": 225}, {"name": "병력", "frequency": 16, "index": 226}, {"name": "병사", "frequency": 11, "index": 228}, {"name": "보병", "frequency": 5, "index": 234}, {"name": "복무", "frequency": 7, "index": 240}, {"name": "부자", "frequency": 5, "index": 251}, {"name": "북한", "frequency": 9, "index": 255}, {"name": "사람", "frequency": 32, "index": 263}, {"name": "사회", "frequency": 13, "index": 272}, {"name": "상황", "frequency": 9, "index": 281}, {"name": "세계", "frequency": 10, "index": 292}, {"name": "숫자", "frequency": 7, "index": 309}, {"name": "스마트", "frequency": 8, "index": 310}, {"name": "시작", "frequency": 7, "index": 322}, {"name": "아들", "frequency": 7, "index": 337}, {"name": "연구", "frequency": 10, "index": 365}, {"name": "위원", "frequency": 14, "index": 407}, {"name": "위협", "frequency": 22, "index": 409}, {"name": "유지", "frequency": 17, "index": 413}, {"name": "육군", "frequency": 5, "index": 414}, {"name": "의견", "frequency": 5, "index": 416}, {"name": "의미", "frequency": 5, "index": 418}, {"name": "의원", "frequency": 17, "index": 420}, {"name": "이야기", "frequency": 10, "index": 426}, {"name": "인구", "frequency": 25, "index": 431}, {"name": "인식", "frequency": 8, "index": 435}, {"name": "자리", "frequency": 13, "index": 454}, {"name": "자체", "frequency": 7, "index": 463}, {"name": "장경태", "frequency": 10, "index": 466}, {"name": "전문", "frequency": 5, "index": 483}, {"name": "전쟁", "frequency": 12, "index": 487}, {"name": "전환", "frequency": 10, "index": 492}, {"name": "절벽", "frequency": 13, "index": 494}, {"name": "정부", "frequency": 16, "index": 501}, {"name": "정예", "frequency": 10, "index": 503}, {"name": "정책", "frequency": 11, "index": 506}, {"name": "정치", "frequency": 8, "index": 507}, {"name": "제도", "frequency": 8, "index": 512}, {"name": "주장", "frequency": 9, "index": 530}, {"name": "준비", "frequency": 5, "index": 533}, {"name": "중요", "frequency": 6, "index": 537}, {"name": "지원", "frequency": 5, "index": 544}, {"name": "직업", "frequency": 8, "index": 549}, {"name": "징병", "frequency": 17, "index": 559}, {"name": "찬성", "frequency": 9, "index": 564}, {"name": "청년", "frequency": 19, "index": 571}, {"name": "총선", "frequency": 7, "index": 578}, {"name": "충원", "frequency": 6, "index": 590}, {"name": "토론", "frequency": 8, "index": 604}, {"name": "필요", "frequency": 12, "index": 631}, {"name": "해결", "frequency": 7, "index": 639}, {"name": "확충", "frequency": 5, "index": 664}]