﻿[{"name": "가정", "frequency": 5, "index": 2}, {"name": "강남", "frequency": 18, "index": 7}, {"name": "강성태", "frequency": 9, "index": 11}, {"name": "결과", "frequency": 6, "index": 21}, {"name": "계층", "frequency": 5, "index": 26}, {"name": "고등학교", "frequency": 7, "index": 32}, {"name": "공부", "frequency": 10, "index": 46}, {"name": "공정", "frequency": 6, "index": 53}, {"name": "과정", "frequency": 11, "index": 59}, {"name": "교과", "frequency": 8, "index": 69}, {"name": "교과전형", "frequency": 7, "index": 75}, {"name": "교육", "frequency": 5, "index": 79}, {"name": "교육부", "frequency": 7, "index": 82}, {"name": "내신", "frequency": 13, "index": 119}, {"name": "논의", "frequency": 6, "index": 130}, {"name": "다음", "frequency": 15, "index": 135}, {"name": "대표", "frequency": 16, "index": 153}, {"name": "대학", "frequency": 24, "index": 154}, {"name": "데이터", "frequency": 15, "index": 161}, {"name": "동안", "frequency": 6, "index": 171}, {"name": "문제", "frequency": 32, "index": 193}, {"name": "반대", "frequency": 6, "index": 205}, {"name": "반응", "frequency": 7, "index": 210}, {"name": "발표", "frequency": 7, "index": 212}, {"name": "비교", "frequency": 5, "index": 237}, {"name": "비율", "frequency": 13, "index": 240}, {"name": "비중", "frequency": 8, "index": 243}, {"name": "비판", "frequency": 5, "index": 244}, {"name": "사교육", "frequency": 6, "index": 248}, {"name": "상황", "frequency": 8, "index": 260}, {"name": "서열", "frequency": 5, "index": 266}, {"name": "서울", "frequency": 5, "index": 268}, {"name": "서울대", "frequency": 10, "index": 269}, {"name": "선생", "frequency": 24, "index": 276}, {"name": "수능", "frequency": 51, "index": 293}, {"name": "수시", "frequency": 11, "index": 305}, {"name": "수행평가", "frequency": 5, "index": 314}, {"name": "시험", "frequency": 10, "index": 329}, {"name": "아이", "frequency": 5, "index": 341}, {"name": "여론조사", "frequency": 7, "index": 353}, {"name": "예전", "frequency": 5, "index": 366}, {"name": "유리", "frequency": 20, "index": 385}, {"name": "의견", "frequency": 7, "index": 392}, {"name": "이야기", "frequency": 8, "index": 398}, {"name": "이유", "frequency": 5, "index": 400}, {"name": "이해", "frequency": 6, "index": 402}, {"name": "이현", "frequency": 9, "index": 403}, {"name": "일반", "frequency": 13, "index": 416}, {"name": "일반고", "frequency": 16, "index": 417}, {"name": "입장", "frequency": 6, "index": 428}, {"name": "자료", "frequency": 13, "index": 435}, {"name": "자사고", "frequency": 8, "index": 439}, {"name": "작년", "frequency": 8, "index": 444}, {"name": "전형", "frequency": 15, "index": 466}, {"name": "정시", "frequency": 28, "index": 475}, {"name": "정시확대", "frequency": 10, "index": 480}, {"name": "종합전형", "frequency": 24, "index": 490}, {"name": "준비", "frequency": 5, "index": 499}, {"name": "중심", "frequency": 5, "index": 501}, {"name": "진학", "frequency": 10, "index": 516}, {"name": "차별", "frequency": 5, "index": 520}, {"name": "최근", "frequency": 5, "index": 533}, {"name": "출제", "frequency": 7, "index": 538}, {"name": "특목고", "frequency": 9, "index": 551}, {"name": "평가", "frequency": 5, "index": 565}, {"name": "필요", "frequency": 5, "index": 573}, {"name": "학교", "frequency": 36, "index": 576}, {"name": "학부모", "frequency": 8, "index": 580}, {"name": "학생", "frequency": 86, "index": 581}, {"name": "학종", "frequency": 51, "index": 586}, {"name": "합격", "frequency": 8, "index": 592}, {"name": "확대", "frequency": 13, "index": 609}]