﻿[{"name": "가난", "frequency": 7, "index": 3}, {"name": "감군", "frequency": 13, "index": 11}, {"name": "감소", "frequency": 6, "index": 12}, {"name": "강화", "frequency": 6, "index": 19}, {"name": "공약", "frequency": 6, "index": 59}, {"name": "교수", "frequency": 8, "index": 68}, {"name": "국방", "frequency": 8, "index": 78}, {"name": "군대", "frequency": 87, "index": 82}, {"name": "규모", "frequency": 6, "index": 95}, {"name": "김종대", "frequency": 10, "index": 113}, {"name": "나라", "frequency": 15, "index": 115}, {"name": "논리", "frequency": 5, "index": 127}, {"name": "논의", "frequency": 16, "index": 128}, {"name": "다음", "frequency": 10, "index": 133}, {"name": "대한민국", "frequency": 5, "index": 162}, {"name": "모병", "frequency": 64, "index": 197}, {"name": "무기", "frequency": 5, "index": 206}, {"name": "문재인", "frequency": 8, "index": 210}, {"name": "문제", "frequency": 18, "index": 211}, {"name": "미국", "frequency": 10, "index": 215}, {"name": "미군", "frequency": 6, "index": 217}, {"name": "미래", "frequency": 6, "index": 219}, {"name": "민주연구", "frequency": 5, "index": 224}, {"name": "반대", "frequency": 5, "index": 228}, {"name": "방식", "frequency": 5, "index": 234}, {"name": "병력", "frequency": 14, "index": 243}, {"name": "병사", "frequency": 8, "index": 246}, {"name": "부자", "frequency": 5, "index": 274}, {"name": "북한", "frequency": 8, "index": 278}, {"name": "사람", "frequency": 32, "index": 288}, {"name": "사회", "frequency": 7, "index": 294}, {"name": "상황", "frequency": 8, "index": 307}, {"name": "세계", "frequency": 9, "index": 320}, {"name": "숫자", "frequency": 7, "index": 340}, {"name": "시작", "frequency": 7, "index": 356}, {"name": "아들", "frequency": 7, "index": 368}, {"name": "위원", "frequency": 11, "index": 442}, {"name": "위협", "frequency": 19, "index": 444}, {"name": "유지", "frequency": 16, "index": 448}, {"name": "육군", "frequency": 5, "index": 449}, {"name": "의미", "frequency": 5, "index": 453}, {"name": "의원", "frequency": 17, "index": 455}, {"name": "이야기", "frequency": 10, "index": 460}, {"name": "인구", "frequency": 6, "index": 465}, {"name": "인구절벽", "frequency": 12, "index": 469}, {"name": "인식", "frequency": 7, "index": 473}, {"name": "일자리", "frequency": 10, "index": 484}, {"name": "자체", "frequency": 7, "index": 502}, {"name": "장경태", "frequency": 10, "index": 505}, {"name": "전쟁", "frequency": 7, "index": 527}, {"name": "전환", "frequency": 8, "index": 533}, {"name": "정부", "frequency": 16, "index": 542}, {"name": "정예", "frequency": 9, "index": 543}, {"name": "정책", "frequency": 8, "index": 547}, {"name": "정치", "frequency": 6, "index": 551}, {"name": "제도", "frequency": 6, "index": 557}, {"name": "주장", "frequency": 9, "index": 572}, {"name": "준비", "frequency": 5, "index": 575}, {"name": "중요", "frequency": 6, "index": 579}, {"name": "징병", "frequency": 17, "index": 603}, {"name": "찬성", "frequency": 9, "index": 607}, {"name": "청년", "frequency": 10, "index": 614}, {"name": "총선", "frequency": 7, "index": 627}, {"name": "토론", "frequency": 7, "index": 656}, {"name": "필요", "frequency": 12, "index": 684}, {"name": "해결", "frequency": 7, "index": 691}, {"name": "확충", "frequency": 5, "index": 718}]