﻿[{"name": "가능", "frequency": 28, "index": 0}, {"name": "가정", "frequency": 6, "index": 3}, {"name": "갈등", "frequency": 10, "index": 7}, {"name": "강제", "frequency": 5, "index": 15}, {"name": "개발", "frequency": 5, "index": 19}, {"name": "개편", "frequency": 20, "index": 24}, {"name": "개혁", "frequency": 6, "index": 25}, {"name": "결과", "frequency": 9, "index": 30}, {"name": "결국", "frequency": 8, "index": 31}, {"name": "경기", "frequency": 6, "index": 34}, {"name": "경우", "frequency": 55, "index": 37}, {"name": "경제", "frequency": 7, "index": 39}, {"name": "고령", "frequency": 31, "index": 48}, {"name": "고용", "frequency": 42, "index": 52}, {"name": "공공", "frequency": 6, "index": 60}, {"name": "공무", "frequency": 31, "index": 64}, {"name": "공적", "frequency": 6, "index": 68}, {"name": "과정", "frequency": 5, "index": 72}, {"name": "교수", "frequency": 19, "index": 78}, {"name": "구조", "frequency": 22, "index": 83}, {"name": "국가", "frequency": 6, "index": 87}, {"name": "국민", "frequency": 10, "index": 89}, {"name": "근로", "frequency": 22, "index": 102}, {"name": "근무", "frequency": 18, "index": 103}, {"name": "급제", "frequency": 11, "index": 109}, {"name": "기간", "frequency": 7, "index": 111}, {"name": "기본", "frequency": 15, "index": 118}, {"name": "기술", "frequency": 7, "index": 119}, {"name": "기업", "frequency": 88, "index": 120}, {"name": "기준", "frequency": 5, "index": 122}, {"name": "기초", "frequency": 5, "index": 123}, {"name": "나라", "frequency": 49, "index": 133}, {"name": "나이", "frequency": 8, "index": 136}, {"name": "노동", "frequency": 45, "index": 142}, {"name": "노인", "frequency": 65, "index": 145}, {"name": "노조", "frequency": 7, "index": 146}, {"name": "노후", "frequency": 7, "index": 147}, {"name": "논의", "frequency": 38, "index": 154}, {"name": "능력", "frequency": 8, "index": 160}, {"name": "다양", "frequency": 6, "index": 164}, {"name": "다음", "frequency": 19, "index": 165}, {"name": "당장", "frequency": 6, "index": 173}, {"name": "대안", "frequency": 10, "index": 178}, {"name": "대책", "frequency": 5, "index": 181}, {"name": "도입", "frequency": 10, "index": 191}, {"name": "동의", "frequency": 14, "index": 200}, {"name": "마련", "frequency": 5, "index": 204}, {"name": "마지막", "frequency": 5, "index": 207}, {"name": "만약", "frequency": 12, "index": 210}, {"name": "말씀", "frequency": 87, "index": 211}, {"name": "문제", "frequency": 61, "index": 226}, {"name": "미국", "frequency": 6, "index": 227}, {"name": "민간", "frequency": 5, "index": 230}, {"name": "반대", "frequency": 11, "index": 237}, {"name": "법원", "frequency": 5, "index": 262}, {"name": "변화", "frequency": 6, "index": 268}, {"name": "보완", "frequency": 8, "index": 270}, {"name": "복지", "frequency": 22, "index": 275}, {"name": "부담", "frequency": 32, "index": 280}, {"name": "부분", "frequency": 109, "index": 284}, {"name": "부족", "frequency": 17, "index": 289}, {"name": "불구", "frequency": 5, "index": 298}, {"name": "빈곤", "frequency": 27, "index": 307}, {"name": "사람", "frequency": 32, "index": 309}, {"name": "사례", "frequency": 6, "index": 310}, {"name": "사실", "frequency": 15, "index": 313}, {"name": "사회", "frequency": 39, "index": 320}, {"name": "산업", "frequency": 12, "index": 323}, {"name": "상태", "frequency": 5, "index": 335}, {"name": "상황", "frequency": 35, "index": 337}, {"name": "생각", "frequency": 43, "index": 340}, {"name": "생산", "frequency": 21, "index": 341}, {"name": "생활", "frequency": 5, "index": 343}, {"name": "선생", "frequency": 9, "index": 350}, {"name": "선택", "frequency": 5, "index": 352}, {"name": "성과", "frequency": 6, "index": 357}, {"name": "성장", "frequency": 5, "index": 360}, {"name": "세대", "frequency": 18, "index": 363}, {"name": "소득", "frequency": 15, "index": 369}, {"name": "소수", "frequency": 7, "index": 371}, {"name": "속도", "frequency": 5, "index": 374}, {"name": "수령", "frequency": 5, "index": 377}, {"name": "수치", "frequency": 7, "index": 385}, {"name": "시간", "frequency": 14, "index": 390}, {"name": "시기", "frequency": 7, "index": 391}, {"name": "시대", "frequency": 5, "index": 394}, {"name": "시작", "frequency": 13, "index": 399}, {"name": "시장", "frequency": 34, "index": 400}, {"name": "시점", "frequency": 23, "index": 401}, {"name": "시청", "frequency": 6, "index": 403}, {"name": "시행", "frequency": 11, "index": 404}, {"name": "실업", "frequency": 9, "index": 408}, {"name": "실질", "frequency": 38, "index": 412}, {"name": "안전", "frequency": 7, "index": 426}, {"name": "안정", "frequency": 8, "index": 427}, {"name": "안착", "frequency": 5, "index": 428}, {"name": "얘기", "frequency": 37, "index": 441}, {"name": "어르신", "frequency": 5, "index": 443}, {"name": "역할", "frequency": 6, "index": 453}, {"name": "연구", "frequency": 10, "index": 457}, {"name": "연금", "frequency": 30, "index": 458}, {"name": "연령", "frequency": 6, "index": 459}, {"name": "연장", "frequency": 88, "index": 464}, {"name": "오늘", "frequency": 7, "index": 472}, {"name": "우려", "frequency": 5, "index": 486}, {"name": "유연화", "frequency": 15, "index": 500}, {"name": "은퇴", "frequency": 5, "index": 505}, {"name": "의견", "frequency": 21, "index": 506}, {"name": "의무", "frequency": 6, "index": 507}, {"name": "이상", "frequency": 21, "index": 515}, {"name": "이슈", "frequency": 7, "index": 517}, {"name": "이야기", "frequency": 10, "index": 518}, {"name": "이유", "frequency": 6, "index": 520}, {"name": "이후", "frequency": 6, "index": 526}, {"name": "인구", "frequency": 27, "index": 527}, {"name": "인정", "frequency": 5, "index": 532}, {"name": "일본", "frequency": 44, "index": 539}, {"name": "임금", "frequency": 62, "index": 545}, {"name": "입법", "frequency": 5, "index": 546}, {"name": "입사", "frequency": 5, "index": 547}, {"name": "입장", "frequency": 10, "index": 548}, {"name": "자리", "frequency": 52, "index": 554}, {"name": "자산", "frequency": 8, "index": 557}, {"name": "작용", "frequency": 6, "index": 564}, {"name": "재정", "frequency": 5, "index": 573}, {"name": "전제", "frequency": 9, "index": 585}, {"name": "전체", "frequency": 5, "index": 586}, {"name": "정년", "frequency": 155, "index": 596}, {"name": "정도", "frequency": 27, "index": 597}, {"name": "정부", "frequency": 24, "index": 600}, {"name": "정책", "frequency": 10, "index": 604}, {"name": "제도", "frequency": 20, "index": 607}, {"name": "조건", "frequency": 6, "index": 611}, {"name": "조직", "frequency": 8, "index": 617}, {"name": "존재", "frequency": 14, "index": 621}, {"name": "준비", "frequency": 14, "index": 633}, {"name": "중소", "frequency": 5, "index": 637}, {"name": "중요", "frequency": 10, "index": 641}, {"name": "지금", "frequency": 18, "index": 646}, {"name": "지불", "frequency": 6, "index": 650}, {"name": "직무", "frequency": 27, "index": 656}, {"name": "직업", "frequency": 12, "index": 657}, {"name": "직장", "frequency": 8, "index": 659}, {"name": "직종", "frequency": 6, "index": 661}, {"name": "집단", "frequency": 6, "index": 666}, {"name": "찬성", "frequency": 8, "index": 674}, {"name": "청년", "frequency": 62, "index": 680}, {"name": "체계", "frequency": 21, "index": 681}, {"name": "초반", "frequency": 5, "index": 682}, {"name": "축소", "frequency": 8, "index": 695}, {"name": "토론", "frequency": 11, "index": 711}, {"name": "통계", "frequency": 5, "index": 713}, {"name": "퇴직", "frequency": 13, "index": 717}, {"name": "평균", "frequency": 11, "index": 728}, {"name": "평론", "frequency": 9, "index": 730}, {"name": "폐지", "frequency": 9, "index": 732}, {"name": "피크", "frequency": 6, "index": 738}, {"name": "필요", "frequency": 30, "index": 740}, {"name": "해결", "frequency": 22, "index": 751}, {"name": "해고", "frequency": 6, "index": 752}, {"name": "핵심", "frequency": 5, "index": 757}, {"name": "현상", "frequency": 18, "index": 764}, {"name": "현재", "frequency": 5, "index": 766}, {"name": "형태", "frequency": 8, "index": 770}, {"name": "혜택", "frequency": 24, "index": 771}, {"name": "호봉", "frequency": 15, "index": 772}, {"name": "회사", "frequency": 17, "index": 786}]