{"0":{"정시":{"term":"정시","sentenceIndexes":[0,2,6,9,11,12,13,19,23]},"확대":{"term":"확대","sentenceIndexes":[0,2,6,9]}},"1":{},"2":{"정시":{"term":"정시","sentenceIndexes":[0,2,6,9,11,12,13,19,23]},"확대":{"term":"확대","sentenceIndexes":[0,2,6,9]}},"3":{"대표":{"term":"대표","sentenceIndexes":[3,5,12]},"교육":{"term":"교육","sentenceIndexes":[3,7,8]},"연구":{"term":"연구","sentenceIndexes":[3,7]}},"4":{"공부":{"term":"공부","sentenceIndexes":[4,12]}},"5":{"대표":{"term":"대표","sentenceIndexes":[3,5,12]},"자리":{"term":"자리","sentenceIndexes":[5,8]},"강성태":{"term":"강성태","sentenceIndexes":[5,12]}},"6":{"정시":{"term":"정시","sentenceIndexes":[0,2,6,9,11,12,13,19,23]},"확대":{"term":"확대","sentenceIndexes":[0,2,6,9]}},"7":{"교육":{"term":"교육","sentenceIndexes":[3,7,8]},"연구":{"term":"연구","sentenceIndexes":[3,7]}},"8":{"교육":{"term":"교육","sentenceIndexes":[3,7,8]},"자리":{"term":"자리","sentenceIndexes":[5,8]}},"9":{"정시":{"term":"정시","sentenceIndexes":[0,2,6,9,11,12,13,19,23]},"확대":{"term":"확대","sentenceIndexes":[0,2,6,9]}},"10":{},"11":{"정시":{"term":"정시","sentenceIndexes":[0,2,6,9,11,12,13,19,23]},"수시":{"term":"수시","sentenceIndexes":[11,12,14,19,21]},"수험":{"term":"수험","sentenceIndexes":[11,12]}},"12":{"정시":{"term":"정시","sentenceIndexes":[0,2,6,9,11,12,13,19,23]},"수시":{"term":"수시","sentenceIndexes":[11,12,14,19,21]},"수험":{"term":"수험","sentenceIndexes":[11,12]},"공부":{"term":"공부","sentenceIndexes":[4,12]},"강성태":{"term":"강성태","sentenceIndexes":[5,12]},"대표":{"term":"대표","sentenceIndexes":[3,5,12]},"방식":{"term":"방식","sentenceIndexes":[12,13]},"학생":{"term":"학생","sentenceIndexes":[12,14,16,19,21,22,25,29,34,35,36,38,41,43,47,56,60,62,72,75,77,84,85,88]},"종합":{"term":"종합","sentenceIndexes":[12,14,19,21]},"전형":{"term":"전형","sentenceIndexes":[12,14,15,19,20,21]},"학종":{"term":"학종","sentenceIndexes":[12,15,16]},"대학":{"term":"대학","sentenceIndexes":[12,15,17,20,21]}},"13":{"정시":{"term":"정시","sentenceIndexes":[0,2,6,9,11,12,13,19,23]},"방식":{"term":"방식","sentenceIndexes":[12,13]}},"14":{"수시":{"term":"수시","sentenceIndexes":[11,12,14,19,21]},"학생":{"term":"학생","sentenceIndexes":[12,14,16,19,21,22,25,29,34,35,36,38,41,43,47,56,60,62,72,75,77,84,85,88]},"종합":{"term":"종합","sentenceIndexes":[12,14,19,21]},"전형":{"term":"전형","sentenceIndexes":[12,14,15,19,20,21]},"수능":{"term":"수능","sentenceIndexes":[14,19]},"시험":{"term":"시험","sentenceIndexes":[14,19]},"내신":{"term":"내신","sentenceIndexes":[14,19]}},"15":{"학종":{"term":"학종","sentenceIndexes":[12,15,16]},"전형":{"term":"전형","sentenceIndexes":[12,14,15,19,20,21]},"대학":{"term":"대학","sentenceIndexes":[12,15,17,20,21]},"스카이":{"term":"스카이","sentenceIndexes":[15,17]},"교과":{"term":"교과","sentenceIndexes":[15,19]},"확장":{"term":"확장","sentenceIndexes":[15,21]}},"16":{"학생":{"term":"학생","sentenceIndexes":[12,14,16,19,21,22,25,29,34,35,36,38,41,43,47,56,60,62,72,75,77,84,85,88]},"학종":{"term":"학종","sentenceIndexes":[12,15,16]}},"17":{"스카이":{"term":"스카이","sentenceIndexes":[15,17]},"대학":{"term":"대학","sentenceIndexes":[12,15,17,20,21]}},"18":{},"19":{"정시":{"term":"정시","sentenceIndexes":[0,2,6,9,11,12,13,19,23]},"수능":{"term":"수능","sentenceIndexes":[14,19]},"시험":{"term":"시험","sentenceIndexes":[14,19]},"수시":{"term":"수시","sentenceIndexes":[11,12,14,19,21]},"전형":{"term":"전형","sentenceIndexes":[12,14,15,19,20,21]},"학생":{"term":"학생","sentenceIndexes":[12,14,16,19,21,22,25,29,34,35,36,38,41,43,47,56,60,62,72,75,77,84,85,88]},"종합":{"term":"종합","sentenceIndexes":[12,14,19,21]},"교과":{"term":"교과","sentenceIndexes":[15,19]},"내신":{"term":"내신","sentenceIndexes":[14,19]},"선생":{"term":"선생","sentenceIndexes":[19,25]}},"20":{"대학":{"term":"대학","sentenceIndexes":[12,15,17,20,21]},"전형":{"term":"전형","sentenceIndexes":[12,14,15,19,20,21]}},"21":{"학생":{"term":"학생","sentenceIndexes":[12,14,16,19,21,22,25,29,34,35,36,38,41,43,47,56,60,62,72,75,77,84,85,88]},"종합":{"term":"종합","sentenceIndexes":[12,14,19,21]},"전형":{"term":"전형","sentenceIndexes":[12,14,15,19,20,21]},"대학":{"term":"대학","sentenceIndexes":[12,15,17,20,21]},"수시":{"term":"수시","sentenceIndexes":[11,12,14,19,21]},"확장":{"term":"확장","sentenceIndexes":[15,21]}},"22":{"학생":{"term":"학생","sentenceIndexes":[12,14,16,19,21,22,25,29,34,35,36,38,41,43,47,56,60,62,72,75,77,84,85,88]},"교육":{"term":"교육","sentenceIndexes":[22,33,34,40,45]}},"23":{"정시":{"term":"정시","sentenceIndexes":[0,2,6,9,11,12,13,19,23]},"현장":{"term":"현장","sentenceIndexes":[23,25]},"반응":{"term":"반응","sentenceIndexes":[23,25]},"의견":{"term":"의견","sentenceIndexes":[23,25]}},"24":{},"25":{"현장":{"term":"현장","sentenceIndexes":[23,25]},"반응":{"term":"반응","sentenceIndexes":[23,25]},"의견":{"term":"의견","sentenceIndexes":[23,25]},"선생":{"term":"선생","sentenceIndexes":[19,25]},"학생":{"term":"학생","sentenceIndexes":[12,14,16,19,21,22,25,29,34,35,36,38,41,43,47,56,60,62,72,75,77,84,85,88]}},"26":{"토론":{"term":"토론","sentenceIndexes":[26,27]}},"27":{"토론":{"term":"토론","sentenceIndexes":[26,27]}},"28":{},"29":{"학생":{"term":"학생","sentenceIndexes":[12,14,16,19,21,22,25,29,34,35,36,38,41,43,47,56,60,62,72,75,77,84,85,88]}},"30":{},"31":{"이유":{"term":"이유","sentenceIndexes":[31,35]}},"32":{},"33":{"교육":{"term":"교육","sentenceIndexes":[22,33,34,40,45]},"상황":{"term":"상황","sentenceIndexes":[33,36,40,48]}},"34":{"교육":{"term":"교육","sentenceIndexes":[22,33,34,40,45]},"학생":{"term":"학생","sentenceIndexes":[12,14,16,19,21,22,25,29,34,35,36,38,41,43,47,56,60,62,72,75,77,84,85,88]},"부모":{"term":"부모","sentenceIndexes":[34,36,38]},"계층":{"term":"계층","sentenceIndexes":[34,40,41,43,49]}},"35":{"이유":{"term":"이유","sentenceIndexes":[31,35]},"학생":{"term":"학생","sentenceIndexes":[12,14,16,19,21,22,25,29,34,35,36,38,41,43,47,56,60,62,72,75,77,84,85,88]},"이야기":{"term":"이야기","sentenceIndexes":[35,36,47]}},"36":{"이야기":{"term":"이야기","sentenceIndexes":[35,36,47]},"학생":{"term":"학생","sentenceIndexes":[12,14,16,19,21,22,25,29,34,35,36,38,41,43,47,56,60,62,72,75,77,84,85,88]},"부모":{"term":"부모","sentenceIndexes":[34,36,38]},"상황":{"term":"상황","sentenceIndexes":[33,36,40,48]},"혼란":{"term":"혼란","sentenceIndexes":[36,38]},"확대":{"term":"확대","sentenceIndexes":[36,43,45,48,49,54,57,64,65,72,78,84,88]},"정시":{"term":"정시","sentenceIndexes":[36,43,45,48,49]}},"37":{},"38":{"학생":{"term":"학생","sentenceIndexes":[12,14,16,19,21,22,25,29,34,35,36,38,41,43,47,56,60,62,72,75,77,84,85,88]},"부모":{"term":"부모","sentenceIndexes":[34,36,38]},"혼란":{"term":"혼란","sentenceIndexes":[36,38]}},"39":{},"40":{"상황":{"term":"상황","sentenceIndexes":[33,36,40,48]},"교육":{"term":"교육","sentenceIndexes":[22,33,34,40,45]},"계층":{"term":"계층","sentenceIndexes":[34,40,41,43,49]},"문제":{"term":"문제","sentenceIndexes":[40,43,49,59,60,61,63,64,70,71,73,75,76]}},"41":{"계층":{"term":"계층","sentenceIndexes":[34,40,41,43,49]},"학생":{"term":"학생","sentenceIndexes":[12,14,16,19,21,22,25,29,34,35,36,38,41,43,47,56,60,62,72,75,77,84,85,88]}},"42":{"고른":{"term":"고른","sentenceIndexes":[42,43,54,55]},"전형":{"term":"전형","sentenceIndexes":[42,43,54,55,56,57]}},"43":{"고른":{"term":"고른","sentenceIndexes":[42,43,54,55]},"전형":{"term":"전형","sentenceIndexes":[42,43,54,55,56,57]},"학생":{"term":"학생","sentenceIndexes":[12,14,16,19,21,22,25,29,34,35,36,38,41,43,47,56,60,62,72,75,77,84,85,88]},"확대":{"term":"확대","sentenceIndexes":[36,43,45,48,49,54,57,64,65,72,78,84,88]},"계층":{"term":"계층","sentenceIndexes":[34,40,41,43,49]},"정시":{"term":"정시","sentenceIndexes":[36,43,45,48,49]},"문제":{"term":"문제","sentenceIndexes":[40,43,49,59,60,61,63,64,70,71,73,75,76]},"기회":{"term":"기회","sentenceIndexes":[43,54,55,57]}},"44":{"다음":{"term":"다음","sentenceIndexes":[44,52]}},"45":{"교육":{"term":"교육","sentenceIndexes":[22,33,34,40,45]},"정시":{"term":"정시","sentenceIndexes":[36,43,45,48,49]},"확대":{"term":"확대","sentenceIndexes":[36,43,45,48,49,54,57,64,65,72,78,84,88]}},"46":{"박도순":{"term":"박도순","sentenceIndexes":[46,47]},"교수":{"term":"교수","sentenceIndexes":[46,47]},"수능":{"term":"수능","sentenceIndexes":[46,47]},"창시":{"term":"창시","sentenceIndexes":[46,47]},"언급":{"term":"언급","sentenceIndexes":[46,47]},"학교":{"term":"학교","sentenceIndexes":[46,51,52]}},"47":{"박도순":{"term":"박도순","sentenceIndexes":[46,47]},"교수":{"term":"교수","sentenceIndexes":[46,47]},"수능":{"term":"수능","sentenceIndexes":[46,47]},"창시":{"term":"창시","sentenceIndexes":[46,47]},"이야기":{"term":"이야기","sentenceIndexes":[35,36,47]},"학생":{"term":"학생","sentenceIndexes":[12,14,16,19,21,22,25,29,34,35,36,38,41,43,47,56,60,62,72,75,77,84,85,88]},"언급":{"term":"언급","sentenceIndexes":[46,47]}},"48":{"상황":{"term":"상황","sentenceIndexes":[33,36,40,48]},"정시":{"term":"정시","sentenceIndexes":[36,43,45,48,49]},"확대":{"term":"확대","sentenceIndexes":[36,43,45,48,49,54,57,64,65,72,78,84,88]},"기사":{"term":"기사","sentenceIndexes":[48,49]}},"49":{"정시":{"term":"정시","sentenceIndexes":[36,43,45,48,49]},"확대":{"term":"확대","sentenceIndexes":[36,43,45,48,49,54,57,64,65,72,78,84,88]},"기사":{"term":"기사","sentenceIndexes":[48,49]},"계층":{"term":"계층","sentenceIndexes":[34,40,41,43,49]},"문제":{"term":"문제","sentenceIndexes":[40,43,49,59,60,61,63,64,70,71,73,75,76]}},"50":{},"51":{"학교":{"term":"학교","sentenceIndexes":[46,51,52]},"반응":{"term":"반응","sentenceIndexes":[51,52]},"선생":{"term":"선생","sentenceIndexes":[51,54,64]}},"52":{"다음":{"term":"다음","sentenceIndexes":[44,52]},"반응":{"term":"반응","sentenceIndexes":[51,52]},"학교":{"term":"학교","sentenceIndexes":[46,51,52]},"이현":{"term":"이현","sentenceIndexes":[52,53]},"대표":{"term":"대표","sentenceIndexes":[52,53,56]}},"53":{"이현":{"term":"이현","sentenceIndexes":[52,53]},"대표":{"term":"대표","sentenceIndexes":[52,53,56]}},"54":{"선생":{"term":"선생","sentenceIndexes":[51,54,64]},"고른":{"term":"고른","sentenceIndexes":[42,43,54,55]},"기회":{"term":"기회","sentenceIndexes":[43,54,55,57]},"전형":{"term":"전형","sentenceIndexes":[42,43,54,55,56,57]},"확대":{"term":"확대","sentenceIndexes":[36,43,45,48,49,54,57,64,65,72,78,84,88]},"필요":{"term":"필요","sentenceIndexes":[54,57,63,64]}},"55":{"고른":{"term":"고른","sentenceIndexes":[42,43,54,55]},"기회":{"term":"기회","sentenceIndexes":[43,54,55,57]},"전형":{"term":"전형","sentenceIndexes":[42,43,54,55,56,57]},"학종":{"term":"학종","sentenceIndexes":[55,59,61,62]}},"56":{"전형":{"term":"전형","sentenceIndexes":[42,43,54,55,56,57]},"학생":{"term":"학생","sentenceIndexes":[12,14,16,19,21,22,25,29,34,35,36,38,41,43,47,56,60,62,72,75,77,84,85,88]},"대표":{"term":"대표","sentenceIndexes":[52,53,56]}},"57":{"기회":{"term":"기회","sentenceIndexes":[43,54,55,57]},"전형":{"term":"전형","sentenceIndexes":[42,43,54,55,56,57]},"확대":{"term":"확대","sentenceIndexes":[36,43,45,48,49,54,57,64,65,72,78,84,88]},"필요":{"term":"필요","sentenceIndexes":[54,57,63,64]}},"58":{},"59":{"학종":{"term":"학종","sentenceIndexes":[55,59,61,62]},"문제":{"term":"문제","sentenceIndexes":[40,43,49,59,60,61,63,64,70,71,73,75,76]}},"60":{"학생":{"term":"학생","sentenceIndexes":[12,14,16,19,21,22,25,29,34,35,36,38,41,43,47,56,60,62,72,75,77,84,85,88]},"문제":{"term":"문제","sentenceIndexes":[40,43,49,59,60,61,63,64,70,71,73,75,76]},"대상":{"term":"대상","sentenceIndexes":[60,62]}},"61":{"문제":{"term":"문제","sentenceIndexes":[40,43,49,59,60,61,63,64,70,71,73,75,76]},"학종":{"term":"학종","sentenceIndexes":[55,59,61,62]},"일반":{"term":"일반","sentenceIndexes":[61,62]}},"62":{"일반":{"term":"일반","sentenceIndexes":[61,62]},"학생":{"term":"학생","sentenceIndexes":[12,14,16,19,21,22,25,29,34,35,36,38,41,43,47,56,60,62,72,75,77,84,85,88]},"대상":{"term":"대상","sentenceIndexes":[60,62]},"학종":{"term":"학종","sentenceIndexes":[55,59,61,62]}},"63":{"문제":{"term":"문제","sentenceIndexes":[40,43,49,59,60,61,63,64,70,71,73,75,76]},"필요":{"term":"필요","sentenceIndexes":[54,57,63,64]}},"64":{"확대":{"term":"확대","sentenceIndexes":[36,43,45,48,49,54,57,64,65,72,78,84,88]},"필요":{"term":"필요","sentenceIndexes":[54,57,63,64]},"선생":{"term":"선생","sentenceIndexes":[51,54,64]},"문제":{"term":"문제","sentenceIndexes":[40,43,49,59,60,61,63,64,70,71,73,75,76]},"여론":{"term":"여론","sentenceIndexes":[64,65]},"조사":{"term":"조사","sentenceIndexes":[64,65]},"정시":{"term":"정시","sentenceIndexes":[64,65,71,74,75,76,77,78]}},"65":{"여론":{"term":"여론","sentenceIndexes":[64,65]},"조사":{"term":"조사","sentenceIndexes":[64,65]},"정시":{"term":"정시","sentenceIndexes":[64,65,71,74,75,76,77,78]},"확대":{"term":"확대","sentenceIndexes":[36,43,45,48,49,54,57,64,65,72,78,84,88]}},"66":{"의견":{"term":"의견","sentenceIndexes":[66,77]}},"67":{},"68":{"반응":{"term":"반응","sentenceIndexes":[68,74,76]},"학교":{"term":"학교","sentenceIndexes":[68,77]}},"69":{"그림":{"term":"그림","sentenceIndexes":[69,70]}},"70":{"문제":{"term":"문제","sentenceIndexes":[40,43,49,59,60,61,63,64,70,71,73,75,76]},"그림":{"term":"그림","sentenceIndexes":[69,70]},"교육":{"term":"교육","sentenceIndexes":[70,71,75]},"해결":{"term":"해결","sentenceIndexes":[70,75,76]}},"71":{"정시":{"term":"정시","sentenceIndexes":[64,65,71,74,75,76,77,78]},"문제":{"term":"문제","sentenceIndexes":[40,43,49,59,60,61,63,64,70,71,73,75,76]},"교육":{"term":"교육","sentenceIndexes":[70,71,75]},"중심":{"term":"중심","sentenceIndexes":[71,72,75,86,96]}},"72":{"학생":{"term":"학생","sentenceIndexes":[12,14,16,19,21,22,25,29,34,35,36,38,41,43,47,56,60,62,72,75,77,84,85,88]},"중심":{"term":"중심","sentenceIndexes":[71,72,75,86,96]},"확대":{"term":"확대","sentenceIndexes":[36,43,45,48,49,54,57,64,65,72,78,84,88]},"수시":{"term":"수시","sentenceIndexes":[72,73,75,80,81]}},"73":{"수시":{"term":"수시","sentenceIndexes":[72,73,75,80,81]},"문제":{"term":"문제","sentenceIndexes":[40,43,49,59,60,61,63,64,70,71,73,75,76]}},"74":{"반응":{"term":"반응","sentenceIndexes":[68,74,76]},"정시":{"term":"정시","sentenceIndexes":[64,65,71,74,75,76,77,78]},"전형":{"term":"전형","sentenceIndexes":[74,75,81,84,85,88]},"정시위주":{"term":"정시위주","sentenceIndexes":[74,78]}},"75":{"수시":{"term":"수시","sentenceIndexes":[72,73,75,80,81]},"문제":{"term":"문제","sentenceIndexes":[40,43,49,59,60,61,63,64,70,71,73,75,76]},"정시":{"term":"정시","sentenceIndexes":[64,65,71,74,75,76,77,78]},"학생":{"term":"학생","sentenceIndexes":[12,14,16,19,21,22,25,29,34,35,36,38,41,43,47,56,60,62,72,75,77,84,85,88]},"전형":{"term":"전형","sentenceIndexes":[74,75,81,84,85,88]},"중심":{"term":"중심","sentenceIndexes":[71,72,75,86,96]},"교육":{"term":"교육","sentenceIndexes":[70,71,75]},"해결":{"term":"해결","sentenceIndexes":[70,75,76]},"예전":{"term":"예전","sentenceIndexes":[75,78]}},"76":{"문제":{"term":"문제","sentenceIndexes":[40,43,49,59,60,61,63,64,70,71,73,75,76]},"해결":{"term":"해결","sentenceIndexes":[70,75,76]},"정시":{"term":"정시","sentenceIndexes":[64,65,71,74,75,76,77,78]},"반응":{"term":"반응","sentenceIndexes":[68,74,76]},"학종":{"term":"학종","sentenceIndexes":[76,82,90]}},"77":{"학생":{"term":"학생","sentenceIndexes":[12,14,16,19,21,22,25,29,34,35,36,38,41,43,47,56,60,62,72,75,77,84,85,88]},"정시":{"term":"정시","sentenceIndexes":[64,65,71,74,75,76,77,78]},"의견":{"term":"의견","sentenceIndexes":[66,77]},"학교":{"term":"학교","sentenceIndexes":[68,77]},"선생":{"term":"선생","sentenceIndexes":[77,80]}},"78":{"확대":{"term":"확대","sentenceIndexes":[36,43,45,48,49,54,57,64,65,72,78,84,88]},"정시":{"term":"정시","sentenceIndexes":[64,65,71,74,75,76,77,78]},"예전":{"term":"예전","sentenceIndexes":[75,78]},"정시위주":{"term":"정시위주","sentenceIndexes":[74,78]},"여론":{"term":"여론","sentenceIndexes":[78,89,90]}},"79":{},"80":{"선생":{"term":"선생","sentenceIndexes":[77,80]},"수시":{"term":"수시","sentenceIndexes":[72,73,75,80,81]},"입장":{"term":"입장","sentenceIndexes":[80,82,83,84,88]},"전교조":{"term":"전교조","sentenceIndexes":[80,83,84]}},"81":{"수시":{"term":"수시","sentenceIndexes":[72,73,75,80,81]},"전형":{"term":"전형","sentenceIndexes":[74,75,81,84,85,88]}},"82":{"학종":{"term":"학종","sentenceIndexes":[76,82,90]},"입장":{"term":"입장","sentenceIndexes":[80,82,83,84,88]},"설명":{"term":"설명","sentenceIndexes":[82,83]}},"83":{"전교조":{"term":"전교조","sentenceIndexes":[80,83,84]},"입장":{"term":"입장","sentenceIndexes":[80,82,83,84,88]},"설명":{"term":"설명","sentenceIndexes":[82,83]}},"84":{"전교조":{"term":"전교조","sentenceIndexes":[80,83,84]},"입장":{"term":"입장","sentenceIndexes":[80,82,83,84,88]},"학생":{"term":"학생","sentenceIndexes":[12,14,16,19,21,22,25,29,34,35,36,38,41,43,47,56,60,62,72,75,77,84,85,88]},"전형":{"term":"전형","sentenceIndexes":[74,75,81,84,85,88]},"확대":{"term":"확대","sentenceIndexes":[36,43,45,48,49,54,57,64,65,72,78,84,88]},"교과":{"term":"교과","sentenceIndexes":[84,85,88,98]},"공식":{"term":"공식","sentenceIndexes":[84,88]}},"85":{"학생":{"term":"학생","sentenceIndexes":[12,14,16,19,21,22,25,29,34,35,36,38,41,43,47,56,60,62,72,75,77,84,85,88]},"교과":{"term":"교과","sentenceIndexes":[84,85,88,98]},"전형":{"term":"전형","sentenceIndexes":[74,75,81,84,85,88]}},"86":{"중심":{"term":"중심","sentenceIndexes":[71,72,75,86,96]}},"87":{},"88":{"확대":{"term":"확대","sentenceIndexes":[36,43,45,48,49,54,57,64,65,72,78,84,88]},"학생":{"term":"학생","sentenceIndexes":[12,14,16,19,21,22,25,29,34,35,36,38,41,43,47,56,60,62,72,75,77,84,85,88]},"교과":{"term":"교과","sentenceIndexes":[84,85,88,98]},"전형":{"term":"전형","sentenceIndexes":[74,75,81,84,85,88]},"공식":{"term":"공식","sentenceIndexes":[84,88]},"입장":{"term":"입장","sentenceIndexes":[80,82,83,84,88]},"다음":{"term":"다음","sentenceIndexes":[88,89]},"문제":{"term":"문제","sentenceIndexes":[88,94,98]},"대학":{"term":"대학","sentenceIndexes":[88,94,96,98,101]},"선발":{"term":"선발","sentenceIndexes":[88,94,95]}},"89":{"다음":{"term":"다음","sentenceIndexes":[88,89]},"여론":{"term":"여론","sentenceIndexes":[78,89,90]},"조사":{"term":"조사","sentenceIndexes":[89,90]},"국민":{"term":"국민","sentenceIndexes":[89,90]},"학교":{"term":"학교","sentenceIndexes":[89,90,91,94,96,97,98,99,100]},"기능":{"term":"기능","sentenceIndexes":[89,90]}},"90":{"여론":{"term":"여론","sentenceIndexes":[78,89,90]},"조사":{"term":"조사","sentenceIndexes":[89,90]},"학종":{"term":"학종","sentenceIndexes":[76,82,90]},"국민":{"term":"국민","sentenceIndexes":[89,90]},"학교":{"term":"학교","sentenceIndexes":[89,90,91,94,96,97,98,99,100]},"기능":{"term":"기능","sentenceIndexes":[89,90]},"지식":{"term":"지식","sentenceIndexes":[90,91,97]},"전달":{"term":"전달","sentenceIndexes":[90,91]},"수능":{"term":"수능","sentenceIndexes":[90,98]}},"91":{"학교":{"term":"학교","sentenceIndexes":[89,90,91,94,96,97,98,99,100]},"지식":{"term":"지식","sentenceIndexes":[90,91,97]},"전달":{"term":"전달","sentenceIndexes":[90,91]},"공감":{"term":"공감","sentenceIndexes":[91,94]},"능력":{"term":"능력","sentenceIndexes":[91,94]}},"92":{},"93":{"반대":{"term":"반대","sentenceIndexes":[93,101]}},"94":{"문제":{"term":"문제","sentenceIndexes":[88,94,98]},"학교":{"term":"학교","sentenceIndexes":[89,90,91,94,96,97,98,99,100]},"대학":{"term":"대학","sentenceIndexes":[88,94,96,98,101]},"공감":{"term":"공감","sentenceIndexes":[91,94]},"능력":{"term":"능력","sentenceIndexes":[91,94]},"선발":{"term":"선발","sentenceIndexes":[88,94,95]},"인문":{"term":"인문","sentenceIndexes":[94,98]},"고등":{"term":"고등","sentenceIndexes":[94,98,99]}},"95":{"선발":{"term":"선발","sentenceIndexes":[88,94,95]}},"96":{"학교":{"term":"학교","sentenceIndexes":[89,90,91,94,96,97,98,99,100]},"중심":{"term":"중심","sentenceIndexes":[71,72,75,86,96]},"대학":{"term":"대학","sentenceIndexes":[88,94,96,98,101]},"평가":{"term":"평가","sentenceIndexes":[96,101]}},"97":{"학교":{"term":"학교","sentenceIndexes":[89,90,91,94,96,97,98,99,100]},"지식":{"term":"지식","sentenceIndexes":[90,91,97]}},"98":{"인문":{"term":"인문","sentenceIndexes":[94,98]},"고등":{"term":"고등","sentenceIndexes":[94,98,99]},"학교":{"term":"학교","sentenceIndexes":[89,90,91,94,96,97,98,99,100]},"대학":{"term":"대학","sentenceIndexes":[88,94,96,98,101]},"문제":{"term":"문제","sentenceIndexes":[88,94,98]},"수능":{"term":"수능","sentenceIndexes":[90,98]},"교과":{"term":"교과","sentenceIndexes":[84,85,88,98]}},"99":{"고등":{"term":"고등","sentenceIndexes":[94,98,99]},"학교":{"term":"학교","sentenceIndexes":[89,90,91,94,96,97,98,99,100]}},"100":{"학교":{"term":"학교","sentenceIndexes":[89,90,91,94,96,97,98,99,100]},"공부":{"term":"공부","sentenceIndexes":[100,101]}},"101":{"공부":{"term":"공부","sentenceIndexes":[100,101]},"평가":{"term":"평가","sentenceIndexes":[96,101]},"대학":{"term":"대학","sentenceIndexes":[88,94,96,98,101]},"반대":{"term":"반대","sentenceIndexes":[93,101]},"교육":{"term":"교육","sentenceIndexes":[101,109]}},"102":{},"103":{},"104":{},"105":{"내신":{"term":"내신","sentenceIndexes":[105,110,120,122,125,126,129,139,140,147,148]},"학생":{"term":"학생","sentenceIndexes":[105,115,126,131,140,144,148,151,152,157,158,159,161,162,164,166,173,180,181,186,192]}},"106":{"판넬":{"term":"판넬","sentenceIndexes":[106,108]}},"107":{},"108":{"판넬":{"term":"판넬","sentenceIndexes":[106,108]}},"109":{"교육":{"term":"교육","sentenceIndexes":[101,109]}},"110":{"내신":{"term":"내신","sentenceIndexes":[105,110,120,122,125,126,129,139,140,147,148]}},"111":{"시험":{"term":"시험","sentenceIndexes":[111,115]}},"112":{},"113":{},"114":{"공신":{"term":"공신","sentenceIndexes":[114,117]}},"115":{"시험":{"term":"시험","sentenceIndexes":[111,115]},"학생":{"term":"학생","sentenceIndexes":[105,115,126,131,140,144,148,151,152,157,158,159,161,162,164,166,173,180,181,186,192]}},"116":{},"117":{"공신":{"term":"공신","sentenceIndexes":[114,117]}},"118":{},"119":{},"120":{"내신":{"term":"내신","sentenceIndexes":[105,110,120,122,125,126,129,139,140,147,148]}},"121":{},"122":{"내신":{"term":"내신","sentenceIndexes":[105,110,120,122,125,126,129,139,140,147,148]},"변화":{"term":"변화","sentenceIndexes":[122,126]},"수행":{"term":"수행","sentenceIndexes":[122,126]},"평가":{"term":"평가","sentenceIndexes":[122,126]}},"123":{},"124":{},"125":{"내신":{"term":"내신","sentenceIndexes":[105,110,120,122,125,126,129,139,140,147,148]},"수능":{"term":"수능","sentenceIndexes":[125,126,129,134,135]}},"126":{"내신":{"term":"내신","sentenceIndexes":[105,110,120,122,125,126,129,139,140,147,148]},"학생":{"term":"학생","sentenceIndexes":[105,115,126,131,140,144,148,151,152,157,158,159,161,162,164,166,173,180,181,186,192]},"변화":{"term":"변화","sentenceIndexes":[122,126]},"수행":{"term":"수행","sentenceIndexes":[122,126]},"평가":{"term":"평가","sentenceIndexes":[122,126]},"수능":{"term":"수능","sentenceIndexes":[125,126,129,134,135]},"수업":{"term":"수업","sentenceIndexes":[126,130]},"반면":{"term":"반면","sentenceIndexes":[126,134]}},"127":{"차이":{"term":"차이","sentenceIndexes":[127,129]}},"128":{},"129":{"수능":{"term":"수능","sentenceIndexes":[125,126,129,134,135]},"내신":{"term":"내신","sentenceIndexes":[105,110,120,122,125,126,129,139,140,147,148]},"차이":{"term":"차이","sentenceIndexes":[127,129]},"출제":{"term":"출제","sentenceIndexes":[129,133]},"자체":{"term":"자체","sentenceIndexes":[129,138]}},"130":{"수업":{"term":"수업","sentenceIndexes":[126,130]},"선생":{"term":"선생","sentenceIndexes":[130,134]}},"131":{"학생":{"term":"학생","sentenceIndexes":[105,115,126,131,140,144,148,151,152,157,158,159,161,162,164,166,173,180,181,186,192]}},"132":{},"133":{"출제":{"term":"출제","sentenceIndexes":[129,133]},"문제":{"term":"문제","sentenceIndexes":[133,134,138,147,153,154,159,162]}},"134":{"반면":{"term":"반면","sentenceIndexes":[126,134]},"수능":{"term":"수능","sentenceIndexes":[125,126,129,134,135]},"선생":{"term":"선생","sentenceIndexes":[130,134]},"문제":{"term":"문제","sentenceIndexes":[133,134,138,147,153,154,159,162]},"퀄리티":{"term":"퀄리티","sentenceIndexes":[134,138]}},"135":{"수능":{"term":"수능","sentenceIndexes":[125,126,129,134,135]},"주입":{"term":"주입","sentenceIndexes":[135,144]}},"136":{},"137":{},"138":{"문제":{"term":"문제","sentenceIndexes":[133,134,138,147,153,154,159,162]},"퀄리티":{"term":"퀄리티","sentenceIndexes":[134,138]},"자체":{"term":"자체","sentenceIndexes":[129,138]}},"139":{"내신":{"term":"내신","sentenceIndexes":[105,110,120,122,125,126,129,139,140,147,148]}},"140":{"학생":{"term":"학생","sentenceIndexes":[105,115,126,131,140,144,148,151,152,157,158,159,161,162,164,166,173,180,181,186,192]},"내신":{"term":"내신","sentenceIndexes":[105,110,120,122,125,126,129,139,140,147,148]},"위주":{"term":"위주","sentenceIndexes":[140,144]},"교과":{"term":"교과","sentenceIndexes":[140,147]},"전형":{"term":"전형","sentenceIndexes":[140,151,152,157,158,159,161,166,173,180]}},"141":{},"142":{},"143":{"수행":{"term":"수행","sentenceIndexes":[143,144,145,148]},"평가":{"term":"평가","sentenceIndexes":[143,144,148]},"현장":{"term":"현장","sentenceIndexes":[143,144,147]},"비율":{"term":"비율","sentenceIndexes":[143,144,153]},"과반":{"term":"과반","sentenceIndexes":[143,144]},"학교":{"term":"학교","sentenceIndexes":[143,145,147,152]},"강성태":{"term":"강성태","sentenceIndexes":[143,152]}},"144":{"수행":{"term":"수행","sentenceIndexes":[143,144,145,148]},"평가":{"term":"평가","sentenceIndexes":[143,144,148]},"주입":{"term":"주입","sentenceIndexes":[135,144]},"학생":{"term":"학생","sentenceIndexes":[105,115,126,131,140,144,148,151,152,157,158,159,161,162,164,166,173,180,181,186,192]},"위주":{"term":"위주","sentenceIndexes":[140,144]},"현장":{"term":"현장","sentenceIndexes":[143,144,147]},"비율":{"term":"비율","sentenceIndexes":[143,144,153]},"과반":{"term":"과반","sentenceIndexes":[143,144]},"기준":{"term":"기준","sentenceIndexes":[144,147]},"방식":{"term":"방식","sentenceIndexes":[144,147]}},"145":{"학교":{"term":"학교","sentenceIndexes":[143,145,147,152]},"수행":{"term":"수행","sentenceIndexes":[143,144,145,148]},"지필":{"term":"지필","sentenceIndexes":[145,146]},"고사":{"term":"고사","sentenceIndexes":[145,146]}},"146":{"지필":{"term":"지필","sentenceIndexes":[145,146]},"고사":{"term":"고사","sentenceIndexes":[145,146]},"수준":{"term":"수준","sentenceIndexes":[146,147]},"단순":{"term":"단순","sentenceIndexes":[146,147]},"암기":{"term":"암기","sentenceIndexes":[146,147]}},"147":{"학교":{"term":"학교","sentenceIndexes":[143,145,147,152]},"현장":{"term":"현장","sentenceIndexes":[143,144,147]},"수준":{"term":"수준","sentenceIndexes":[146,147]},"단순":{"term":"단순","sentenceIndexes":[146,147]},"교과":{"term":"교과","sentenceIndexes":[140,147]},"문제":{"term":"문제","sentenceIndexes":[133,134,138,147,153,154,159,162]},"기준":{"term":"기준","sentenceIndexes":[144,147]},"방식":{"term":"방식","sentenceIndexes":[144,147]},"내신":{"term":"내신","sentenceIndexes":[105,110,120,122,125,126,129,139,140,147,148]},"암기":{"term":"암기","sentenceIndexes":[146,147]},"선생":{"term":"선생","sentenceIndexes":[147,154]}},"148":{"수행":{"term":"수행","sentenceIndexes":[143,144,145,148]},"평가":{"term":"평가","sentenceIndexes":[143,144,148]},"내신":{"term":"내신","sentenceIndexes":[105,110,120,122,125,126,129,139,140,147,148]},"학생":{"term":"학생","sentenceIndexes":[105,115,126,131,140,144,148,151,152,157,158,159,161,162,164,166,173,180,181,186,192]},"논의":{"term":"논의","sentenceIndexes":[148,149]},"부모":{"term":"부모","sentenceIndexes":[148,154,160]},"판단":{"term":"판단","sentenceIndexes":[148,156]}},"149":{"논의":{"term":"논의","sentenceIndexes":[148,149]}},"150":{},"151":{"학생":{"term":"학생","sentenceIndexes":[105,115,126,131,140,144,148,151,152,157,158,159,161,162,164,166,173,180,181,186,192]},"전형":{"term":"전형","sentenceIndexes":[140,151,152,157,158,159,161,166,173,180]},"종합":{"term":"종합","sentenceIndexes":[151,152,157,158,159,161,166,173,180,182]}},"152":{"강성태":{"term":"강성태","sentenceIndexes":[143,152]},"학생":{"term":"학생","sentenceIndexes":[105,115,126,131,140,144,148,151,152,157,158,159,161,162,164,166,173,180,181,186,192]},"종합":{"term":"종합","sentenceIndexes":[151,152,157,158,159,161,166,173,180,182]},"전형":{"term":"전형","sentenceIndexes":[140,151,152,157,158,159,161,166,173,180]},"학교":{"term":"학교","sentenceIndexes":[143,145,147,152]}},"153":{"비율":{"term":"비율","sentenceIndexes":[143,144,153]},"문제":{"term":"문제","sentenceIndexes":[133,134,138,147,153,154,159,162]},"예전":{"term":"예전","sentenceIndexes":[153,158,166]}},"154":{"부모":{"term":"부모","sentenceIndexes":[148,154,160]},"선생":{"term":"선생","sentenceIndexes":[147,154]},"문제":{"term":"문제","sentenceIndexes":[133,134,138,147,153,154,159,162]}},"155":{},"156":{"판단":{"term":"판단","sentenceIndexes":[148,156]}},"157":{"학생":{"term":"학생","sentenceIndexes":[105,115,126,131,140,144,148,151,152,157,158,159,161,162,164,166,173,180,181,186,192]},"종합":{"term":"종합","sentenceIndexes":[151,152,157,158,159,161,166,173,180,182]},"전형":{"term":"전형","sentenceIndexes":[140,151,152,157,158,159,161,166,173,180]},"보완":{"term":"보완","sentenceIndexes":[157,158]}},"158":{"학생":{"term":"학생","sentenceIndexes":[105,115,126,131,140,144,148,151,152,157,158,159,161,162,164,166,173,180,181,186,192]},"종합":{"term":"종합","sentenceIndexes":[151,152,157,158,159,161,166,173,180,182]},"전형":{"term":"전형","sentenceIndexes":[140,151,152,157,158,159,161,166,173,180]},"예전":{"term":"예전","sentenceIndexes":[153,158,166]},"보완":{"term":"보완","sentenceIndexes":[157,158]}},"159":{"학생":{"term":"학생","sentenceIndexes":[105,115,126,131,140,144,148,151,152,157,158,159,161,162,164,166,173,180,181,186,192]},"종합":{"term":"종합","sentenceIndexes":[151,152,157,158,159,161,166,173,180,182]},"전형":{"term":"전형","sentenceIndexes":[140,151,152,157,158,159,161,166,173,180]},"문제":{"term":"문제","sentenceIndexes":[133,134,138,147,153,154,159,162]},"교과":{"term":"교과","sentenceIndexes":[159,160,161]},"영역":{"term":"영역","sentenceIndexes":[159,160]}},"160":{"교과":{"term":"교과","sentenceIndexes":[159,160,161]},"영역":{"term":"영역","sentenceIndexes":[159,160]},"부모":{"term":"부모","sentenceIndexes":[148,154,160]},"다음":{"term":"다음","sentenceIndexes":[160,162]}},"161":{"학생":{"term":"학생","sentenceIndexes":[105,115,126,131,140,144,148,151,152,157,158,159,161,162,164,166,173,180,181,186,192]},"종합":{"term":"종합","sentenceIndexes":[151,152,157,158,159,161,166,173,180,182]},"전형":{"term":"전형","sentenceIndexes":[140,151,152,157,158,159,161,166,173,180]},"교과":{"term":"교과","sentenceIndexes":[159,160,161]},"개선":{"term":"개선","sentenceIndexes":[161,166]}},"162":{"다음":{"term":"다음","sentenceIndexes":[160,162]},"문제":{"term":"문제","sentenceIndexes":[133,134,138,147,153,154,159,162]},"학생":{"term":"학생","sentenceIndexes":[105,115,126,131,140,144,148,151,152,157,158,159,161,162,164,166,173,180,181,186,192]},"최근":{"term":"최근","sentenceIndexes":[162,169]}},"163":{"제외":{"term":"제외","sentenceIndexes":[163,164]}},"164":{"제외":{"term":"제외","sentenceIndexes":[163,164]},"학생":{"term":"학생","sentenceIndexes":[105,115,126,131,140,144,148,151,152,157,158,159,161,162,164,166,173,180,181,186,192]},"작년":{"term":"작년","sentenceIndexes":[164,169,173]}},"165":{},"166":{"예전":{"term":"예전","sentenceIndexes":[153,158,166]},"학생":{"term":"학생","sentenceIndexes":[105,115,126,131,140,144,148,151,152,157,158,159,161,162,164,166,173,180,181,186,192]},"종합":{"term":"종합","sentenceIndexes":[151,152,157,158,159,161,166,173,180,182]},"전형":{"term":"전형","sentenceIndexes":[140,151,152,157,158,159,161,166,173,180]},"개선":{"term":"개선","sentenceIndexes":[161,166]},"과정":{"term":"과정","sentenceIndexes":[166,167,173,178,181,183,192]}},"167":{"과정":{"term":"과정","sentenceIndexes":[166,167,173,178,181,183,192]}},"168":{},"169":{"최근":{"term":"최근","sentenceIndexes":[162,169]},"작년":{"term":"작년","sentenceIndexes":[164,169,173]}},"170":{},"171":{"특성":{"term":"특성","sentenceIndexes":[171,172]}},"172":{"특성":{"term":"특성","sentenceIndexes":[171,172]},"용어":{"term":"용어","sentenceIndexes":[172,173]},"이해":{"term":"이해","sentenceIndexes":[172,173,175,176]}},"173":{"용어":{"term":"용어","sentenceIndexes":[172,173]},"이해":{"term":"이해","sentenceIndexes":[172,173,175,176]},"과정":{"term":"과정","sentenceIndexes":[166,167,173,178,181,183,192]},"작년":{"term":"작년","sentenceIndexes":[164,169,173]},"학생":{"term":"학생","sentenceIndexes":[105,115,126,131,140,144,148,151,152,157,158,159,161,162,164,166,173,180,181,186,192]},"종합":{"term":"종합","sentenceIndexes":[151,152,157,158,159,161,166,173,180,182]},"전형":{"term":"전형","sentenceIndexes":[140,151,152,157,158,159,161,166,173,180]},"우수":{"term":"우수","sentenceIndexes":[173,177]},"사례":{"term":"사례","sentenceIndexes":[173,177]},"열정":{"term":"열정","sentenceIndexes":[173,181]}},"174":{"내용":{"term":"내용","sentenceIndexes":[174,181]}},"175":{"이해":{"term":"이해","sentenceIndexes":[172,173,175,176]}},"176":{"이해":{"term":"이해","sentenceIndexes":[172,173,175,176]},"학교":{"term":"학교","sentenceIndexes":[176,178,181,183,185]}},"177":{"우수":{"term":"우수","sentenceIndexes":[173,177]},"사례":{"term":"사례","sentenceIndexes":[173,177]}},"178":{"학교":{"term":"학교","sentenceIndexes":[176,178,181,183,185]},"과정":{"term":"과정","sentenceIndexes":[166,167,173,178,181,183,192]},"대학":{"term":"대학","sentenceIndexes":[178,185]}},"179":{"비교":{"term":"비교","sentenceIndexes":[179,180]}},"180":{"학생":{"term":"학생","sentenceIndexes":[105,115,126,131,140,144,148,151,152,157,158,159,161,162,164,166,173,180,181,186,192]},"종합":{"term":"종합","sentenceIndexes":[151,152,157,158,159,161,166,173,180,182]},"전형":{"term":"전형","sentenceIndexes":[140,151,152,157,158,159,161,166,173,180]},"비교":{"term":"비교","sentenceIndexes":[179,180]}},"181":{"학교":{"term":"학교","sentenceIndexes":[176,178,181,183,185]},"내용":{"term":"내용","sentenceIndexes":[174,181]},"열정":{"term":"열정","sentenceIndexes":[173,181]},"과정":{"term":"과정","sentenceIndexes":[166,167,173,178,181,183,192]},"학생":{"term":"학생","sentenceIndexes":[105,115,126,131,140,144,148,151,152,157,158,159,161,162,164,166,173,180,181,186,192]},"전공":{"term":"전공","sentenceIndexes":[181,184]},"교과":{"term":"교과","sentenceIndexes":[181,188]}},"182":{"종합":{"term":"종합","sentenceIndexes":[151,152,157,158,159,161,166,173,180,182]}},"183":{"학교":{"term":"학교","sentenceIndexes":[176,178,181,183,185]},"과정":{"term":"과정","sentenceIndexes":[166,167,173,178,181,183,192]},"선행":{"term":"선행","sentenceIndexes":[183,184]}},"184":{"전공":{"term":"전공","sentenceIndexes":[181,184]},"선행":{"term":"선행","sentenceIndexes":[183,184]}},"185":{"학교":{"term":"학교","sentenceIndexes":[176,178,181,183,185]},"대학":{"term":"대학","sentenceIndexes":[178,185]},"교육":{"term":"교육","sentenceIndexes":[185,196]}},"186":{"학생":{"term":"학생","sentenceIndexes":[105,115,126,131,140,144,148,151,152,157,158,159,161,162,164,166,173,180,181,186,192]}},"187":{},"188":{"교과":{"term":"교과","sentenceIndexes":[181,188]},"삭제":{"term":"삭제","sentenceIndexes":[188,192]}},"189":{"자기":{"term":"자기","sentenceIndexes":[189,190]},"소개":{"term":"소개","sentenceIndexes":[189,190]}},"190":{"자기":{"term":"자기","sentenceIndexes":[189,190]},"소개":{"term":"소개","sentenceIndexes":[189,190]}},"191":{},"192":{"과정":{"term":"과정","sentenceIndexes":[166,167,173,178,181,183,192]},"학생":{"term":"학생","sentenceIndexes":[105,115,126,131,140,144,148,151,152,157,158,159,161,162,164,166,173,180,181,186,192]},"삭제":{"term":"삭제","sentenceIndexes":[188,192]},"동안":{"term":"동안","sentenceIndexes":[192,201]}},"193":{},"194":{},"195":{},"196":{"교육":{"term":"교육","sentenceIndexes":[185,196]},"실태":{"term":"실태","sentenceIndexes":[196,197]},"학종":{"term":"학종","sentenceIndexes":[196,200,207,210,213,214,215,217,224,226,228,235]}},"197":{"실태":{"term":"실태","sentenceIndexes":[196,197]},"자료":{"term":"자료","sentenceIndexes":[197,199]},"확인":{"term":"확인","sentenceIndexes":[197,206]}},"198":{},"199":{"자료":{"term":"자료","sentenceIndexes":[197,199]},"고교":{"term":"고교","sentenceIndexes":[199,204]},"차별":{"term":"차별","sentenceIndexes":[199,206]},"제도":{"term":"제도","sentenceIndexes":[199,206]}},"200":{"학종":{"term":"학종","sentenceIndexes":[196,200,207,210,213,214,215,217,224,226,228,235]},"등급":{"term":"등급","sentenceIndexes":[200,204,209]},"대학":{"term":"대학","sentenceIndexes":[200,206,209,210,214]},"일반":{"term":"일반","sentenceIndexes":[200,207,209,210,213,214,215,216,217,224,226,228,235]},"합격":{"term":"합격","sentenceIndexes":[200,209,214,215,216,217,227,231]}},"201":{"동안":{"term":"동안","sentenceIndexes":[192,201]}},"202":{},"203":{},"204":{"고교":{"term":"고교","sentenceIndexes":[199,204]},"등급":{"term":"등급","sentenceIndexes":[200,204,209]}},"205":{},"206":{"대학":{"term":"대학","sentenceIndexes":[200,206,209,210,214]},"차별":{"term":"차별","sentenceIndexes":[199,206]},"제도":{"term":"제도","sentenceIndexes":[199,206]},"확인":{"term":"확인","sentenceIndexes":[197,206]}},"207":{"학종":{"term":"학종","sentenceIndexes":[196,200,207,210,213,214,215,217,224,226,228,235]},"일반":{"term":"일반","sentenceIndexes":[200,207,209,210,213,214,215,216,217,224,226,228,235]},"유리":{"term":"유리","sentenceIndexes":[207,213,215]},"데이터":{"term":"데이터","sentenceIndexes":[207,213]}},"208":{},"209":{"대학":{"term":"대학","sentenceIndexes":[200,206,209,210,214]},"일반":{"term":"일반","sentenceIndexes":[200,207,209,210,213,214,215,216,217,224,226,228,235]},"합격":{"term":"합격","sentenceIndexes":[200,209,214,215,216,217,227,231]},"등급":{"term":"등급","sentenceIndexes":[200,204,209]},"서울":{"term":"서울","sentenceIndexes":[209,210]},"학생":{"term":"학생","sentenceIndexes":[209,215]},"상위":{"term":"상위","sentenceIndexes":[209,218,222]}},"210":{"일반":{"term":"일반","sentenceIndexes":[200,207,209,210,213,214,215,216,217,224,226,228,235]},"서울":{"term":"서울","sentenceIndexes":[209,210]},"대학":{"term":"대학","sentenceIndexes":[200,206,209,210,214]},"학종":{"term":"학종","sentenceIndexes":[196,200,207,210,213,214,215,217,224,226,228,235]}},"211":{},"212":{},"213":{"일반":{"term":"일반","sentenceIndexes":[200,207,209,210,213,214,215,216,217,224,226,228,235]},"학종":{"term":"학종","sentenceIndexes":[196,200,207,210,213,214,215,217,224,226,228,235]},"유리":{"term":"유리","sentenceIndexes":[207,213,215]},"데이터":{"term":"데이터","sentenceIndexes":[207,213]},"교육":{"term":"교육","sentenceIndexes":[213,217]},"자료":{"term":"자료","sentenceIndexes":[213,217,222]}},"214":{"학종":{"term":"학종","sentenceIndexes":[196,200,207,210,213,214,215,217,224,226,228,235]},"합격":{"term":"합격","sentenceIndexes":[200,209,214,215,216,217,227,231]},"대학":{"term":"대학","sentenceIndexes":[200,206,209,210,214]},"일반":{"term":"일반","sentenceIndexes":[200,207,209,210,213,214,215,216,217,224,226,228,235]},"수능":{"term":"수능","sentenceIndexes":[214,216,217,224,229,230,231,235]},"비중":{"term":"비중","sentenceIndexes":[214,217]}},"215":{"학종":{"term":"학종","sentenceIndexes":[196,200,207,210,213,214,215,217,224,226,228,235]},"일반":{"term":"일반","sentenceIndexes":[200,207,209,210,213,214,215,216,217,224,226,228,235]},"유리":{"term":"유리","sentenceIndexes":[207,213,215]},"합격":{"term":"합격","sentenceIndexes":[200,209,214,215,216,217,227,231]},"학생":{"term":"학생","sentenceIndexes":[209,215]}},"216":{"수능":{"term":"수능","sentenceIndexes":[214,216,217,224,229,230,231,235]},"합격":{"term":"합격","sentenceIndexes":[200,209,214,215,216,217,227,231]},"일반":{"term":"일반","sentenceIndexes":[200,207,209,210,213,214,215,216,217,224,226,228,235]}},"217":{"교육":{"term":"교육","sentenceIndexes":[213,217]},"자료":{"term":"자료","sentenceIndexes":[213,217,222]},"학종":{"term":"학종","sentenceIndexes":[196,200,207,210,213,214,215,217,224,226,228,235]},"합격":{"term":"합격","sentenceIndexes":[200,209,214,215,216,217,227,231]},"일반":{"term":"일반","sentenceIndexes":[200,207,209,210,213,214,215,216,217,224,226,228,235]},"비중":{"term":"비중","sentenceIndexes":[214,217]},"수능":{"term":"수능","sentenceIndexes":[214,216,217,224,229,230,231,235]}},"218":{"상위":{"term":"상위","sentenceIndexes":[209,218,222]},"극명":{"term":"극명","sentenceIndexes":[218,222]}},"219":{},"220":{},"221":{},"222":{"상위":{"term":"상위","sentenceIndexes":[209,218,222]},"극명":{"term":"극명","sentenceIndexes":[218,222]},"자료":{"term":"자료","sentenceIndexes":[213,217,222]},"작년":{"term":"작년","sentenceIndexes":[222,230]}},"223":{"서울대":{"term":"서울대","sentenceIndexes":[223,229]}},"224":{"수능":{"term":"수능","sentenceIndexes":[214,216,217,224,229,230,231,235]},"일반":{"term":"일반","sentenceIndexes":[200,207,209,210,213,214,215,216,217,224,226,228,235]},"학종":{"term":"학종","sentenceIndexes":[196,200,207,210,213,214,215,217,224,226,228,235]}},"225":{},"226":{"학종":{"term":"학종","sentenceIndexes":[196,200,207,210,213,214,215,217,224,226,228,235]},"일반":{"term":"일반","sentenceIndexes":[200,207,209,210,213,214,215,216,217,224,226,228,235]}},"227":{"합격":{"term":"합격","sentenceIndexes":[200,209,214,215,216,217,227,231]},"특목":{"term":"특목","sentenceIndexes":[227,230,231,235]}},"228":{"학종":{"term":"학종","sentenceIndexes":[196,200,207,210,213,214,215,217,224,226,228,235]},"일반":{"term":"일반","sentenceIndexes":[200,207,209,210,213,214,215,216,217,224,226,228,235]}},"229":{"서울대":{"term":"서울대","sentenceIndexes":[223,229]},"수능":{"term":"수능","sentenceIndexes":[214,216,217,224,229,230,231,235]},"정시":{"term":"정시","sentenceIndexes":[229,231]}},"230":{"작년":{"term":"작년","sentenceIndexes":[222,230]},"특목":{"term":"특목","sentenceIndexes":[227,230,231,235]},"수능":{"term":"수능","sentenceIndexes":[214,216,217,224,229,230,231,235]},"자사":{"term":"자사","sentenceIndexes":[230,231,235]},"유리":{"term":"유리","sentenceIndexes":[230,235]}},"231":{"특목":{"term":"특목","sentenceIndexes":[227,230,231,235]},"자사":{"term":"자사","sentenceIndexes":[230,231,235]},"합격":{"term":"합격","sentenceIndexes":[200,209,214,215,216,217,227,231]},"수능":{"term":"수능","sentenceIndexes":[214,216,217,224,229,230,231,235]},"정시":{"term":"정시","sentenceIndexes":[229,231]}},"232":{},"233":{},"234":{"실태":{"term":"실태","sentenceIndexes":[234,235]}},"235":{"실태":{"term":"실태","sentenceIndexes":[234,235]},"학종":{"term":"학종","sentenceIndexes":[196,200,207,210,213,214,215,217,224,226,228,235]},"일반":{"term":"일반","sentenceIndexes":[200,207,209,210,213,214,215,216,217,224,226,228,235]},"유리":{"term":"유리","sentenceIndexes":[230,235]},"수능":{"term":"수능","sentenceIndexes":[214,216,217,224,229,230,231,235]},"특목":{"term":"특목","sentenceIndexes":[227,230,231,235]},"자사":{"term":"자사","sentenceIndexes":[230,231,235]}},"236":{},"237":{},"238":{},"239":{},"240":{"학생":{"term":"학생","sentenceIndexes":[240,241,243]},"서류":{"term":"서류","sentenceIndexes":[240,241]},"평가":{"term":"평가","sentenceIndexes":[240,241,250,254]},"시간":{"term":"시간","sentenceIndexes":[240,244,255]}},"241":{"학생":{"term":"학생","sentenceIndexes":[240,241,243]},"서류":{"term":"서류","sentenceIndexes":[240,241]},"평가":{"term":"평가","sentenceIndexes":[240,241,250,254]}},"242":{},"243":{"학생":{"term":"학생","sentenceIndexes":[240,241,243]},"시험":{"term":"시험","sentenceIndexes":[243,251,254]}},"244":{"시간":{"term":"시간","sentenceIndexes":[240,244,255]},"문제":{"term":"문제","sentenceIndexes":[244,255,258]}},"245":{},"246":{},"247":{},"248":{},"249":{},"250":{"평가":{"term":"평가","sentenceIndexes":[240,241,250,254]},"하루":{"term":"하루","sentenceIndexes":[250,254]}},"251":{"시험":{"term":"시험","sentenceIndexes":[243,251,254]}},"252":{},"253":{},"254":{"평가":{"term":"평가","sentenceIndexes":[240,241,250,254]},"시험":{"term":"시험","sentenceIndexes":[243,251,254]},"하루":{"term":"하루","sentenceIndexes":[250,254]},"공부":{"term":"공부","sentenceIndexes":[254,263]},"다음":{"term":"다음","sentenceIndexes":[254,264]}},"255":{"시간":{"term":"시간","sentenceIndexes":[240,244,255]},"문제":{"term":"문제","sentenceIndexes":[244,255,258]},"평균":{"term":"평균","sentenceIndexes":[255,257]}},"256":{},"257":{"평균":{"term":"평균","sentenceIndexes":[255,257]}},"258":{"문제":{"term":"문제","sentenceIndexes":[244,255,258]},"학교":{"term":"학교","sentenceIndexes":[258,260,263]},"서열":{"term":"서열","sentenceIndexes":[258,269]}},"259":{},"260":{"학교":{"term":"학교","sentenceIndexes":[258,260,263]}},"261":{"차별":{"term":"차별","sentenceIndexes":[261,266]}},"262":{},"263":{"학교":{"term":"학교","sentenceIndexes":[258,260,263]},"공부":{"term":"공부","sentenceIndexes":[254,263]}},"264":{"다음":{"term":"다음","sentenceIndexes":[254,264]}},"265":{},"266":{"차별":{"term":"차별","sentenceIndexes":[261,266]}},"267":{},"268":{},"269":{"서열":{"term":"서열","sentenceIndexes":[258,269]},"대학":{"term":"대학","sentenceIndexes":[269,270,271,272,275,282]}},"270":{"대학":{"term":"대학","sentenceIndexes":[269,270,271,272,275,282]},"비율":{"term":"비율","sentenceIndexes":[270,271,273,275,282]},"학생":{"term":"학생","sentenceIndexes":[270,271,273,275,282,283,288,289]},"교과":{"term":"교과","sentenceIndexes":[270,271,275]},"전형":{"term":"전형","sentenceIndexes":[270,271,273]},"주요":{"term":"주요","sentenceIndexes":[270,272]},"고른":{"term":"고른","sentenceIndexes":[270,273]},"기회":{"term":"기회","sentenceIndexes":[270,280,287]}},"271":{"대학":{"term":"대학","sentenceIndexes":[269,270,271,272,275,282]},"비율":{"term":"비율","sentenceIndexes":[270,271,273,275,282]},"학생":{"term":"학생","sentenceIndexes":[270,271,273,275,282,283,288,289]},"교과":{"term":"교과","sentenceIndexes":[270,271,275]},"전형":{"term":"전형","sentenceIndexes":[270,271,273]}},"272":{"주요":{"term":"주요","sentenceIndexes":[270,272]},"대학":{"term":"대학","sentenceIndexes":[269,270,271,272,275,282]}},"273":{"학생":{"term":"학생","sentenceIndexes":[270,271,273,275,282,283,288,289]},"전형":{"term":"전형","sentenceIndexes":[270,271,273]},"비율":{"term":"비율","sentenceIndexes":[270,271,273,275,282]},"고른":{"term":"고른","sentenceIndexes":[270,273]},"수능":{"term":"수능","sentenceIndexes":[273,280,287,288,293]}},"274":{"평균":{"term":"평균","sentenceIndexes":[274,275]}},"275":{"비율":{"term":"비율","sentenceIndexes":[270,271,273,275,282]},"학생":{"term":"학생","sentenceIndexes":[270,271,273,275,282,283,288,289]},"교과":{"term":"교과","sentenceIndexes":[270,271,275]},"대학":{"term":"대학","sentenceIndexes":[269,270,271,272,275,282]},"평균":{"term":"평균","sentenceIndexes":[274,275]}},"276":{"다음":{"term":"다음","sentenceIndexes":[276,287,295]}},"277":{},"278":{},"279":{},"280":{"수능":{"term":"수능","sentenceIndexes":[273,280,287,288,293]},"기회":{"term":"기회","sentenceIndexes":[270,280,287]},"과정":{"term":"과정","sentenceIndexes":[280,287]}},"281":{},"282":{"학생":{"term":"학생","sentenceIndexes":[270,271,273,275,282,283,288,289]},"대학":{"term":"대학","sentenceIndexes":[269,270,271,272,275,282]},"비율":{"term":"비율","sentenceIndexes":[270,271,273,275,282]},"진학":{"term":"진학","sentenceIndexes":[282,283]}},"283":{"학생":{"term":"학생","sentenceIndexes":[270,271,273,275,282,283,288,289]},"진학":{"term":"진학","sentenceIndexes":[282,283]},"강남":{"term":"강남","sentenceIndexes":[283,286]}},"284":{"학교":{"term":"학교","sentenceIndexes":[284,289]}},"285":{},"286":{"강남":{"term":"강남","sentenceIndexes":[283,286]}},"287":{"기회":{"term":"기회","sentenceIndexes":[270,280,287]},"수능":{"term":"수능","sentenceIndexes":[273,280,287,288,293]},"다음":{"term":"다음","sentenceIndexes":[276,287,295]},"과정":{"term":"과정","sentenceIndexes":[280,287]},"공정":{"term":"공정","sentenceIndexes":[287,295]}},"288":{"수능":{"term":"수능","sentenceIndexes":[273,280,287,288,293]},"학생":{"term":"학생","sentenceIndexes":[270,271,273,275,282,283,288,289]},"공부":{"term":"공부","sentenceIndexes":[288,293]}},"289":{"학교":{"term":"학교","sentenceIndexes":[284,289]},"학생":{"term":"학생","sentenceIndexes":[270,271,273,275,282,283,288,289]},"인강":{"term":"인강","sentenceIndexes":[289,290]},"시설":{"term":"시설","sentenceIndexes":[289,290]}},"290":{"인강":{"term":"인강","sentenceIndexes":[289,290]},"시설":{"term":"시설","sentenceIndexes":[289,290]}},"291":{},"292":{},"293":{"수능":{"term":"수능","sentenceIndexes":[273,280,287,288,293]},"공부":{"term":"공부","sentenceIndexes":[288,293]}},"294":{},"295":{"공정":{"term":"공정","sentenceIndexes":[287,295]},"다음":{"term":"다음","sentenceIndexes":[276,287,295]},"결과":{"term":"결과","sentenceIndexes":[295,296,297]}},"296":{"결과":{"term":"결과","sentenceIndexes":[295,296,297]}},"297":{"결과":{"term":"결과","sentenceIndexes":[295,296,297]},"인구":{"term":"인구","sentenceIndexes":[297,298,301]},"강남구":{"term":"강남구","sentenceIndexes":[297,299]}},"298":{"인구":{"term":"인구","sentenceIndexes":[297,298,301]},"광역":{"term":"광역","sentenceIndexes":[298,301]}},"299":{"강남구":{"term":"강남구","sentenceIndexes":[297,299]},"정시":{"term":"정시","sentenceIndexes":[299,300,301,302,311]}},"300":{"정시":{"term":"정시","sentenceIndexes":[299,300,301,302,311]}},"301":{"광역":{"term":"광역","sentenceIndexes":[298,301]},"인구":{"term":"인구","sentenceIndexes":[297,298,301]},"정시":{"term":"정시","sentenceIndexes":[299,300,301,302,311]},"서울대":{"term":"서울대","sentenceIndexes":[301,307,309,310]}},"302":{"정시":{"term":"정시","sentenceIndexes":[299,300,301,302,311]}},"303":{"선생":{"term":"선생","sentenceIndexes":[303,305,306]}},"304":{},"305":{"선생":{"term":"선생","sentenceIndexes":[303,305,306]}},"306":{"선생":{"term":"선생","sentenceIndexes":[303,305,306]}},"307":{"서울대":{"term":"서울대","sentenceIndexes":[301,307,309,310]},"일반":{"term":"일반","sentenceIndexes":[307,308]},"학교":{"term":"학교","sentenceIndexes":[307,315,319,321]}},"308":{"일반":{"term":"일반","sentenceIndexes":[307,308]}},"309":{"서울대":{"term":"서울대","sentenceIndexes":[301,307,309,310]}},"310":{"서울대":{"term":"서울대","sentenceIndexes":[301,307,309,310]}},"311":{"정시":{"term":"정시","sentenceIndexes":[299,300,301,302,311]}},"312":{},"313":{},"314":{},"315":{"학교":{"term":"학교","sentenceIndexes":[307,315,319,321]}},"316":{},"317":{},"318":{},"319":{"학교":{"term":"학교","sentenceIndexes":[307,315,319,321]},"고등":{"term":"고등","sentenceIndexes":[319,321]}},"320":{},"321":{"고등":{"term":"고등","sentenceIndexes":[319,321]},"학교":{"term":"학교","sentenceIndexes":[307,315,319,321]}},"322":{},"323":{"유리":{"term":"유리","sentenceIndexes":[323,326]},"자사":{"term":"자사","sentenceIndexes":[323,326]}},"324":{},"325":{},"326":{"유리":{"term":"유리","sentenceIndexes":[323,326]},"자사":{"term":"자사","sentenceIndexes":[323,326]}},"327":{},"328":{},"329":{"수능":{"term":"수능","sentenceIndexes":[329,332,335,336,339]},"공부":{"term":"공부","sentenceIndexes":[329,335]}},"330":{},"331":{},"332":{"수능":{"term":"수능","sentenceIndexes":[329,332,335,336,339]},"친구":{"term":"친구","sentenceIndexes":[332,333]},"만점":{"term":"만점","sentenceIndexes":[332,335]}},"333":{"친구":{"term":"친구","sentenceIndexes":[332,333]}},"334":{},"335":{"공부":{"term":"공부","sentenceIndexes":[329,335]},"수능":{"term":"수능","sentenceIndexes":[329,332,335,336,339]},"만점":{"term":"만점","sentenceIndexes":[332,335]},"복무":{"term":"복무","sentenceIndexes":[335,341,343,346]}},"336":{"수능":{"term":"수능","sentenceIndexes":[329,332,335,336,339]}},"337":{},"338":{},"339":{"수능":{"term":"수능","sentenceIndexes":[329,332,335,336,339]}},"340":{},"341":{"복무":{"term":"복무","sentenceIndexes":[335,341,343,346]}},"342":{},"343":{"복무":{"term":"복무","sentenceIndexes":[335,341,343,346]},"학종":{"term":"학종","sentenceIndexes":[343,344,345,346,347]}},"344":{"학종":{"term":"학종","sentenceIndexes":[343,344,345,346,347]},"학생":{"term":"학생","sentenceIndexes":[344,351]}},"345":{"학종":{"term":"학종","sentenceIndexes":[343,344,345,346,347]},"재학":{"term":"재학","sentenceIndexes":[345,346]}},"346":{"복무":{"term":"복무","sentenceIndexes":[335,341,343,346]},"학종":{"term":"학종","sentenceIndexes":[343,344,345,346,347]},"재학":{"term":"재학","sentenceIndexes":[345,346]}},"347":{"학종":{"term":"학종","sentenceIndexes":[343,344,345,346,347]},"특화":{"term":"특화","sentenceIndexes":[347,348]}},"348":{"특화":{"term":"특화","sentenceIndexes":[347,348]},"일반":{"term":"일반","sentenceIndexes":[348,351,361,362]}},"349":{},"350":{"서열":{"term":"서열","sentenceIndexes":[350,351]}},"351":{"일반":{"term":"일반","sentenceIndexes":[348,351,361,362]},"학생":{"term":"학생","sentenceIndexes":[344,351]},"서열":{"term":"서열","sentenceIndexes":[350,351]}},"352":{"대표":{"term":"대표","sentenceIndexes":[352,353]}},"353":{"대표":{"term":"대표","sentenceIndexes":[352,353]},"수능":{"term":"수능","sentenceIndexes":[353,355,358,359,360,361,364,375]},"강남":{"term":"강남","sentenceIndexes":[353,355,358,359,360,361,362,363]}},"354":{},"355":{"수능":{"term":"수능","sentenceIndexes":[353,355,358,359,360,361,364,375]},"강남":{"term":"강남","sentenceIndexes":[353,355,358,359,360,361,362,363]},"데이터":{"term":"데이터","sentenceIndexes":[355,356,357,364,366,372,376,377,378]}},"356":{"데이터":{"term":"데이터","sentenceIndexes":[355,356,357,364,366,372,376,377,378]}},"357":{"데이터":{"term":"데이터","sentenceIndexes":[355,356,357,364,366,372,376,377,378]}},"358":{"수능":{"term":"수능","sentenceIndexes":[353,355,358,359,360,361,364,375]},"강남":{"term":"강남","sentenceIndexes":[353,355,358,359,360,361,362,363]}},"359":{"수능":{"term":"수능","sentenceIndexes":[353,355,358,359,360,361,364,375]},"강남":{"term":"강남","sentenceIndexes":[353,355,358,359,360,361,362,363]},"학종":{"term":"학종","sentenceIndexes":[359,360,362,363,372,375,385,387]},"유리":{"term":"유리","sentenceIndexes":[359,360,363]}},"360":{"수능":{"term":"수능","sentenceIndexes":[353,355,358,359,360,361,364,375]},"강남":{"term":"강남","sentenceIndexes":[353,355,358,359,360,361,362,363]},"학종":{"term":"학종","sentenceIndexes":[359,360,362,363,372,375,385,387]},"유리":{"term":"유리","sentenceIndexes":[359,360,363]}},"361":{"수능":{"term":"수능","sentenceIndexes":[353,355,358,359,360,361,364,375]},"강남":{"term":"강남","sentenceIndexes":[353,355,358,359,360,361,362,363]},"일반":{"term":"일반","sentenceIndexes":[348,351,361,362]}},"362":{"학종":{"term":"학종","sentenceIndexes":[359,360,362,363,372,375,385,387]},"강남":{"term":"강남","sentenceIndexes":[353,355,358,359,360,361,362,363]},"일반":{"term":"일반","sentenceIndexes":[348,351,361,362]}},"363":{"강남":{"term":"강남","sentenceIndexes":[353,355,358,359,360,361,362,363]},"학종":{"term":"학종","sentenceIndexes":[359,360,362,363,372,375,385,387]},"유리":{"term":"유리","sentenceIndexes":[359,360,363]}},"364":{"수능":{"term":"수능","sentenceIndexes":[353,355,358,359,360,361,364,375]},"데이터":{"term":"데이터","sentenceIndexes":[355,356,357,364,366,372,376,377,378]}},"365":{},"366":{"데이터":{"term":"데이터","sentenceIndexes":[355,356,357,364,366,372,376,377,378]}},"367":{},"368":{"교육":{"term":"교육","sentenceIndexes":[368,369]},"자료":{"term":"자료","sentenceIndexes":[368,369,371]},"발표":{"term":"발표","sentenceIndexes":[368,370,371]}},"369":{"교육":{"term":"교육","sentenceIndexes":[368,369]},"자료":{"term":"자료","sentenceIndexes":[368,369,371]}},"370":{"발표":{"term":"발표","sentenceIndexes":[368,370,371]}},"371":{"발표":{"term":"발표","sentenceIndexes":[368,370,371]},"자료":{"term":"자료","sentenceIndexes":[368,369,371]}},"372":{"학종":{"term":"학종","sentenceIndexes":[359,360,362,363,372,375,385,387]},"데이터":{"term":"데이터","sentenceIndexes":[355,356,357,364,366,372,376,377,378]}},"373":{},"374":{"선생":{"term":"선생","sentenceIndexes":[374,379]}},"375":{"수능":{"term":"수능","sentenceIndexes":[353,355,358,359,360,361,364,375]},"학종":{"term":"학종","sentenceIndexes":[359,360,362,363,372,375,385,387]}},"376":{"데이터":{"term":"데이터","sentenceIndexes":[355,356,357,364,366,372,376,377,378]}},"377":{"데이터":{"term":"데이터","sentenceIndexes":[355,356,357,364,366,372,376,377,378]}},"378":{"데이터":{"term":"데이터","sentenceIndexes":[355,356,357,364,366,372,376,377,378]}},"379":{"선생":{"term":"선생","sentenceIndexes":[374,379]},"서열":{"term":"서열","sentenceIndexes":[379,390]}},"380":{},"381":{"강남":{"term":"강남","sentenceIndexes":[381,390,399,400,401,402,404]}},"382":{},"383":{},"384":{"학교":{"term":"학교","sentenceIndexes":[384,386]},"특목":{"term":"특목","sentenceIndexes":[384,387]},"자사":{"term":"자사","sentenceIndexes":[384,387]}},"385":{"학종":{"term":"학종","sentenceIndexes":[359,360,362,363,372,375,385,387]}},"386":{"학교":{"term":"학교","sentenceIndexes":[384,386]}},"387":{"학종":{"term":"학종","sentenceIndexes":[359,360,362,363,372,375,385,387]},"특목":{"term":"특목","sentenceIndexes":[384,387]},"자사":{"term":"자사","sentenceIndexes":[384,387]},"학생":{"term":"학생","sentenceIndexes":[387,389,394]},"일반":{"term":"일반","sentenceIndexes":[387,391,393]}},"388":{},"389":{"학생":{"term":"학생","sentenceIndexes":[387,389,394]},"우수":{"term":"우수","sentenceIndexes":[389,394]}},"390":{"서열":{"term":"서열","sentenceIndexes":[379,390]},"강남":{"term":"강남","sentenceIndexes":[381,390,399,400,401,402,404]}},"391":{"일반":{"term":"일반","sentenceIndexes":[387,391,393]}},"392":{},"393":{"일반":{"term":"일반","sentenceIndexes":[387,391,393]},"정시":{"term":"정시","sentenceIndexes":[393,404,406]}},"394":{"우수":{"term":"우수","sentenceIndexes":[389,394]},"학생":{"term":"학생","sentenceIndexes":[387,389,394]}},"395":{},"396":{},"397":{},"398":{},"399":{"강남":{"term":"강남","sentenceIndexes":[381,390,399,400,401,402,404]},"수능":{"term":"수능","sentenceIndexes":[399,400,404,412,414,417]},"유리":{"term":"유리","sentenceIndexes":[399,400,402,404]}},"400":{"강남":{"term":"강남","sentenceIndexes":[381,390,399,400,401,402,404]},"수능":{"term":"수능","sentenceIndexes":[399,400,404,412,414,417]},"유리":{"term":"유리","sentenceIndexes":[399,400,402,404]},"학종":{"term":"학종","sentenceIndexes":[400,401,404,408,418,424,427,429,432]}},"401":{"학종":{"term":"학종","sentenceIndexes":[400,401,404,408,418,424,427,429,432]},"강남":{"term":"강남","sentenceIndexes":[381,390,399,400,401,402,404]}},"402":{"강남":{"term":"강남","sentenceIndexes":[381,390,399,400,401,402,404]},"유리":{"term":"유리","sentenceIndexes":[399,400,402,404]}},"403":{},"404":{"수능":{"term":"수능","sentenceIndexes":[399,400,404,412,414,417]},"정시":{"term":"정시","sentenceIndexes":[393,404,406]},"강남":{"term":"강남","sentenceIndexes":[381,390,399,400,401,402,404]},"학종":{"term":"학종","sentenceIndexes":[400,401,404,408,418,424,427,429,432]},"유리":{"term":"유리","sentenceIndexes":[399,400,402,404]}},"405":{},"406":{"정시":{"term":"정시","sentenceIndexes":[393,404,406]}},"407":{},"408":{"학종":{"term":"학종","sentenceIndexes":[400,401,404,408,418,424,427,429,432]},"교육":{"term":"교육","sentenceIndexes":[408,410,417]},"지역":{"term":"지역","sentenceIndexes":[408,414,415,417]}},"409":{},"410":{"교육":{"term":"교육","sentenceIndexes":[408,410,417]},"읍면":{"term":"읍면","sentenceIndexes":[410,411,412,415]},"소재":{"term":"소재","sentenceIndexes":[410,411,412]},"특별":{"term":"특별","sentenceIndexes":[410,414,415]},"도시":{"term":"도시","sentenceIndexes":[410,417]}},"411":{"읍면":{"term":"읍면","sentenceIndexes":[410,411,412,415]},"소재":{"term":"소재","sentenceIndexes":[410,411,412]},"학생":{"term":"학생","sentenceIndexes":[411,412,413]},"종합":{"term":"종합","sentenceIndexes":[411,412,413]},"전형":{"term":"전형","sentenceIndexes":[411,412,413]},"진학":{"term":"진학","sentenceIndexes":[411,412,413]},"비율":{"term":"비율","sentenceIndexes":[411,413,416]}},"412":{"읍면":{"term":"읍면","sentenceIndexes":[410,411,412,415]},"소재":{"term":"소재","sentenceIndexes":[410,411,412]},"학생":{"term":"학생","sentenceIndexes":[411,412,413]},"종합":{"term":"종합","sentenceIndexes":[411,412,413]},"전형":{"term":"전형","sentenceIndexes":[411,412,413]},"진학":{"term":"진학","sentenceIndexes":[411,412,413]},"수능":{"term":"수능","sentenceIndexes":[399,400,404,412,414,417]}},"413":{"학생":{"term":"학생","sentenceIndexes":[411,412,413]},"종합":{"term":"종합","sentenceIndexes":[411,412,413]},"전형":{"term":"전형","sentenceIndexes":[411,412,413]},"진학":{"term":"진학","sentenceIndexes":[411,412,413]},"비율":{"term":"비율","sentenceIndexes":[411,413,416]}},"414":{"수능":{"term":"수능","sentenceIndexes":[399,400,404,412,414,417]},"지역":{"term":"지역","sentenceIndexes":[408,414,415,417]},"특별":{"term":"특별","sentenceIndexes":[410,414,415]}},"415":{"특별":{"term":"특별","sentenceIndexes":[410,414,415]},"읍면":{"term":"읍면","sentenceIndexes":[410,411,412,415]},"지역":{"term":"지역","sentenceIndexes":[408,414,415,417]},"서울":{"term":"서울","sentenceIndexes":[415,417,424]}},"416":{"비율":{"term":"비율","sentenceIndexes":[411,413,416]}},"417":{"수능":{"term":"수능","sentenceIndexes":[399,400,404,412,414,417]},"도시":{"term":"도시","sentenceIndexes":[410,417]},"교육":{"term":"교육","sentenceIndexes":[408,410,417]},"지역":{"term":"지역","sentenceIndexes":[408,414,415,417]},"서울":{"term":"서울","sentenceIndexes":[415,417,424]}},"418":{"학종":{"term":"학종","sentenceIndexes":[400,401,404,408,418,424,427,429,432]}},"419":{"인강":{"term":"인강","sentenceIndexes":[419,421]}},"420":{},"421":{"인강":{"term":"인강","sentenceIndexes":[419,421]}},"422":{"지방":{"term":"지방","sentenceIndexes":[422,423,429,432]}},"423":{"지방":{"term":"지방","sentenceIndexes":[422,423,429,432]}},"424":{"학종":{"term":"학종","sentenceIndexes":[400,401,404,408,418,424,427,429,432]},"서울":{"term":"서울","sentenceIndexes":[415,417,424]}},"425":{"교과":{"term":"교과","sentenceIndexes":[425,426]}},"426":{"교과":{"term":"교과","sentenceIndexes":[425,426]}},"427":{"학종":{"term":"학종","sentenceIndexes":[400,401,404,408,418,424,427,429,432]},"선생":{"term":"선생","sentenceIndexes":[427,428]}},"428":{"선생":{"term":"선생","sentenceIndexes":[427,428]}},"429":{"학종":{"term":"학종","sentenceIndexes":[400,401,404,408,418,424,427,429,432]},"지방":{"term":"지방","sentenceIndexes":[422,423,429,432]},"학생":{"term":"학생","sentenceIndexes":[429,437,438]}},"430":{},"431":{},"432":{"학종":{"term":"학종","sentenceIndexes":[400,401,404,408,418,424,427,429,432]},"지방":{"term":"지방","sentenceIndexes":[422,423,429,432]}},"433":{},"434":{"문화":{"term":"문화","sentenceIndexes":[434,435]},"이야기":{"term":"이야기","sentenceIndexes":[434,440]}},"435":{"문화":{"term":"문화","sentenceIndexes":[434,435]}},"436":{},"437":{"학생":{"term":"학생","sentenceIndexes":[429,437,438]},"고교":{"term":"고교","sentenceIndexes":[437,438,440]},"유형":{"term":"유형","sentenceIndexes":[437,438]},"기재":{"term":"기재","sentenceIndexes":[437,438,439]},"분량":{"term":"분량","sentenceIndexes":[437,438,439]}},"438":{"고교":{"term":"고교","sentenceIndexes":[437,438,440]},"유형":{"term":"유형","sentenceIndexes":[437,438]},"학생":{"term":"학생","sentenceIndexes":[429,437,438]},"기재":{"term":"기재","sentenceIndexes":[437,438,439]},"분량":{"term":"분량","sentenceIndexes":[437,438,439]},"과학":{"term":"과학","sentenceIndexes":[438,439]}},"439":{"기재":{"term":"기재","sentenceIndexes":[437,438,439]},"분량":{"term":"분량","sentenceIndexes":[437,438,439]},"과학":{"term":"과학","sentenceIndexes":[438,439]}},"440":{"고교":{"term":"고교","sentenceIndexes":[437,438,440]},"이야기":{"term":"이야기","sentenceIndexes":[434,440]}},"441":{}}