﻿[{"name": "가격", "frequency": 46, "index": 0}, {"name": "가구", "frequency": 5, "index": 1}, {"name": "강화", "frequency": 14, "index": 12}, {"name": "개발", "frequency": 15, "index": 13}, {"name": "갱신", "frequency": 5, "index": 19}, {"name": "거래", "frequency": 7, "index": 20}, {"name": "건설", "frequency": 5, "index": 26}, {"name": "건축", "frequency": 9, "index": 27}, {"name": "결과", "frequency": 8, "index": 33}, {"name": "결국", "frequency": 24, "index": 34}, {"name": "결정", "frequency": 6, "index": 36}, {"name": "경우", "frequency": 13, "index": 40}, {"name": "경제", "frequency": 5, "index": 42}, {"name": "계산", "frequency": 5, "index": 46}, {"name": "계속", "frequency": 9, "index": 47}, {"name": "계약", "frequency": 5, "index": 48}, {"name": "공공", "frequency": 10, "index": 61}, {"name": "공급", "frequency": 125, "index": 63}, {"name": "과거", "frequency": 11, "index": 69}, {"name": "과세", "frequency": 8, "index": 71}, {"name": "교수", "frequency": 15, "index": 83}, {"name": "구멍", "frequency": 8, "index": 86}, {"name": "국민", "frequency": 12, "index": 90}, {"name": "국제", "frequency": 5, "index": 91}, {"name": "규제", "frequency": 8, "index": 95}, {"name": "그린", "frequency": 10, "index": 99}, {"name": "근본", "frequency": 9, "index": 102}, {"name": "금융", "frequency": 9, "index": 106}, {"name": "기대", "frequency": 7, "index": 109}, {"name": "기본", "frequency": 11, "index": 110}, {"name": "기존", "frequency": 15, "index": 114}, {"name": "김현아", "frequency": 5, "index": 118}, {"name": "나라", "frequency": 10, "index": 119}, {"name": "능력", "frequency": 6, "index": 132}, {"name": "다양", "frequency": 8, "index": 134}, {"name": "다음", "frequency": 12, "index": 136}, {"name": "단기", "frequency": 5, "index": 138}, {"name": "당장", "frequency": 6, "index": 142}, {"name": "대책", "frequency": 55, "index": 150}, {"name": "대출", "frequency": 7, "index": 151}, {"name": "도시", "frequency": 10, "index": 156}, {"name": "도입", "frequency": 11, "index": 159}, {"name": "동안", "frequency": 18, "index": 162}, {"name": "동의", "frequency": 7, "index": 164}, {"name": "등록", "frequency": 20, "index": 166}, {"name": "마련", "frequency": 7, "index": 170}, {"name": "말씀", "frequency": 71, "index": 177}, {"name": "매물", "frequency": 8, "index": 180}, {"name": "목표", "frequency": 7, "index": 188}, {"name": "문재인", "frequency": 23, "index": 193}, {"name": "문제", "frequency": 18, "index": 194}, {"name": "물량", "frequency": 14, "index": 196}, {"name": "미래", "frequency": 7, "index": 198}, {"name": "민간", "frequency": 9, "index": 200}, {"name": "박근혜", "frequency": 11, "index": 203}, {"name": "발표", "frequency": 9, "index": 213}, {"name": "방안", "frequency": 5, "index": 217}, {"name": "방향", "frequency": 5, "index": 218}, {"name": "벨트", "frequency": 10, "index": 224}, {"name": "변화", "frequency": 8, "index": 226}, {"name": "보완", "frequency": 5, "index": 229}, {"name": "보유", "frequency": 22, "index": 230}, {"name": "부과", "frequency": 5, "index": 236}, {"name": "부담", "frequency": 9, "index": 237}, {"name": "부동", "frequency": 70, "index": 239}, {"name": "부분", "frequency": 24, "index": 241}, {"name": "부족", "frequency": 31, "index": 244}, {"name": "불로", "frequency": 11, "index": 253}, {"name": "비대위", "frequency": 5, "index": 260}, {"name": "사람", "frequency": 44, "index": 269}, {"name": "사실", "frequency": 14, "index": 272}, {"name": "사업", "frequency": 50, "index": 273}, {"name": "상당", "frequency": 5, "index": 279}, {"name": "상황", "frequency": 11, "index": 284}, {"name": "생각", "frequency": 38, "index": 286}, {"name": "서울", "frequency": 18, "index": 290}, {"name": "세금", "frequency": 47, "index": 304}, {"name": "소득", "frequency": 24, "index": 315}, {"name": "소유", "frequency": 5, "index": 320}, {"name": "수단", "frequency": 7, "index": 324}, {"name": "수도", "frequency": 12, "index": 325}, {"name": "수요", "frequency": 43, "index": 327}, {"name": "수익", "frequency": 7, "index": 329}, {"name": "시간", "frequency": 7, "index": 340}, {"name": "시작", "frequency": 6, "index": 347}, {"name": "시장", "frequency": 86, "index": 348}, {"name": "시청", "frequency": 6, "index": 351}, {"name": "시행", "frequency": 5, "index": 352}, {"name": "신규", "frequency": 6, "index": 354}, {"name": "신뢰", "frequency": 9, "index": 355}, {"name": "실패", "frequency": 7, "index": 360}, {"name": "아파트", "frequency": 9, "index": 367}, {"name": "악용", "frequency": 7, "index": 369}, {"name": "안정", "frequency": 19, "index": 371}, {"name": "야당", "frequency": 12, "index": 374}, {"name": "양도", "frequency": 18, "index": 376}, {"name": "얘기", "frequency": 68, "index": 381}, {"name": "억제", "frequency": 7, "index": 384}, {"name": "얼마", "frequency": 6, "index": 386}, {"name": "여당", "frequency": 5, "index": 389}, {"name": "역대", "frequency": 10, "index": 394}, {"name": "영역", "frequency": 6, "index": 404}, {"name": "오늘", "frequency": 8, "index": 406}, {"name": "요인", "frequency": 5, "index": 417}, {"name": "원인", "frequency": 6, "index": 424}, {"name": "원칙", "frequency": 8, "index": 425}, {"name": "위기", "frequency": 5, "index": 428}, {"name": "유입", "frequency": 5, "index": 438}, {"name": "의견", "frequency": 14, "index": 444}, {"name": "의미", "frequency": 5, "index": 446}, {"name": "의원", "frequency": 27, "index": 448}, {"name": "이번", "frequency": 32, "index": 455}, {"name": "이상", "frequency": 16, "index": 456}, {"name": "이유", "frequency": 10, "index": 459}, {"name": "이익", "frequency": 12, "index": 460}, {"name": "이제", "frequency": 7, "index": 462}, {"name": "이후", "frequency": 10, "index": 466}, {"name": "인정", "frequency": 7, "index": 473}, {"name": "일부", "frequency": 6, "index": 480}, {"name": "임대", "frequency": 74, "index": 486}, {"name": "입법", "frequency": 5, "index": 489}, {"name": "입주", "frequency": 9, "index": 491}, {"name": "자금", "frequency": 11, "index": 492}, {"name": "자본", "frequency": 5, "index": 495}, {"name": "작동", "frequency": 7, "index": 501}, {"name": "작용", "frequency": 10, "index": 502}, {"name": "전가", "frequency": 6, "index": 520}, {"name": "전문", "frequency": 5, "index": 522}, {"name": "정도", "frequency": 22, "index": 535}, {"name": "정부", "frequency": 120, "index": 537}, {"name": "정상", "frequency": 11, "index": 538}, {"name": "정책", "frequency": 77, "index": 540}, {"name": "제도", "frequency": 11, "index": 543}, {"name": "제한", "frequency": 6, "index": 546}, {"name": "조세", "frequency": 7, "index": 553}, {"name": "종부", "frequency": 9, "index": 560}, {"name": "종합", "frequency": 5, "index": 561}, {"name": "주요", "frequency": 5, "index": 568}, {"name": "주택", "frequency": 194, "index": 573}, {"name": "중요", "frequency": 9, "index": 577}, {"name": "증여", "frequency": 8, "index": 582}, {"name": "지금", "frequency": 8, "index": 584}, {"name": "지방", "frequency": 5, "index": 585}, {"name": "지역", "frequency": 7, "index": 588}, {"name": "지적", "frequency": 5, "index": 590}, {"name": "최배근", "frequency": 5, "index": 633}, {"name": "추가", "frequency": 8, "index": 636}, {"name": "취득", "frequency": 11, "index": 643}, {"name": "취지", "frequency": 6, "index": 645}, {"name": "택지", "frequency": 9, "index": 651}, {"name": "토론", "frequency": 5, "index": 653}, {"name": "통과", "frequency": 5, "index": 656}, {"name": "투기", "frequency": 16, "index": 658}, {"name": "투자", "frequency": 5, "index": 659}, {"name": "특혜", "frequency": 7, "index": 661}, {"name": "폐지", "frequency": 14, "index": 673}, {"name": "포함", "frequency": 6, "index": 675}, {"name": "필요", "frequency": 19, "index": 686}, {"name": "하락", "frequency": 5, "index": 687}, {"name": "해결", "frequency": 11, "index": 695}, {"name": "해제", "frequency": 8, "index": 698}, {"name": "현상", "frequency": 8, "index": 706}, {"name": "현실", "frequency": 5, "index": 707}, {"name": "현황", "frequency": 5, "index": 710}, {"name": "혜택", "frequency": 22, "index": 717}, {"name": "환수", "frequency": 14, "index": 729}, {"name": "회피", "frequency": 5, "index": 735}, {"name": "효과", "frequency": 22, "index": 736}, {"name": "흐름", "frequency": 8, "index": 738}]