﻿[{"name": "가격", "frequency": 27, "index": 0}, {"name": "가구", "frequency": 5, "index": 2}, {"name": "강화", "frequency": 14, "index": 13}, {"name": "개발", "frequency": 8, "index": 14}, {"name": "건축", "frequency": 9, "index": 33}, {"name": "결과", "frequency": 8, "index": 39}, {"name": "결국", "frequency": 24, "index": 40}, {"name": "경우", "frequency": 13, "index": 49}, {"name": "계산", "frequency": 5, "index": 58}, {"name": "계속", "frequency": 9, "index": 59}, {"name": "공급", "frequency": 84, "index": 82}, {"name": "과거", "frequency": 10, "index": 103}, {"name": "과세", "frequency": 7, "index": 106}, {"name": "교수", "frequency": 15, "index": 117}, {"name": "구멍", "frequency": 8, "index": 120}, {"name": "국민", "frequency": 11, "index": 124}, {"name": "규제", "frequency": 5, "index": 136}, {"name": "그린벨트", "frequency": 10, "index": 140}, {"name": "근본", "frequency": 8, "index": 142}, {"name": "기대", "frequency": 5, "index": 153}, {"name": "기본", "frequency": 9, "index": 155}, {"name": "기존", "frequency": 15, "index": 160}, {"name": "김현아", "frequency": 5, "index": 164}, {"name": "나라", "frequency": 10, "index": 165}, {"name": "다양", "frequency": 8, "index": 182}, {"name": "다음", "frequency": 12, "index": 184}, {"name": "당장", "frequency": 6, "index": 191}, {"name": "대책", "frequency": 42, "index": 198}, {"name": "대출", "frequency": 5, "index": 201}, {"name": "도시", "frequency": 10, "index": 207}, {"name": "도입", "frequency": 11, "index": 210}, {"name": "동안", "frequency": 18, "index": 214}, {"name": "동의", "frequency": 7, "index": 216}, {"name": "등록", "frequency": 7, "index": 218}, {"name": "마련", "frequency": 6, "index": 226}, {"name": "말씀", "frequency": 71, "index": 233}, {"name": "매물", "frequency": 8, "index": 236}, {"name": "문재인", "frequency": 23, "index": 251}, {"name": "문제", "frequency": 18, "index": 252}, {"name": "박근혜", "frequency": 11, "index": 268}, {"name": "발표", "frequency": 7, "index": 279}, {"name": "방향", "frequency": 5, "index": 284}, {"name": "변화", "frequency": 6, "index": 290}, {"name": "보유", "frequency": 11, "index": 295}, {"name": "보유세", "frequency": 7, "index": 297}, {"name": "부과", "frequency": 5, "index": 305}, {"name": "부담", "frequency": 7, "index": 306}, {"name": "부동산", "frequency": 23, "index": 307}, {"name": "부동산시장", "frequency": 27, "index": 311}, {"name": "부동산정책", "frequency": 10, "index": 313}, {"name": "부분", "frequency": 21, "index": 315}, {"name": "부족", "frequency": 28, "index": 318}, {"name": "불로소득", "frequency": 11, "index": 327}, {"name": "비대위", "frequency": 5, "index": 334}, {"name": "사람", "frequency": 43, "index": 342}, {"name": "사실", "frequency": 14, "index": 345}, {"name": "사업", "frequency": 5, "index": 346}, {"name": "상황", "frequency": 11, "index": 362}, {"name": "생각", "frequency": 38, "index": 364}, {"name": "서울", "frequency": 15, "index": 369}, {"name": "세금", "frequency": 43, "index": 386}, {"name": "수단", "frequency": 7, "index": 413}, {"name": "수도", "frequency": 11, "index": 414}, {"name": "수요", "frequency": 21, "index": 416}, {"name": "수익", "frequency": 5, "index": 420}, {"name": "시간", "frequency": 7, "index": 429}, {"name": "시작", "frequency": 6, "index": 436}, {"name": "시장", "frequency": 35, "index": 437}, {"name": "시청", "frequency": 6, "index": 443}, {"name": "시행", "frequency": 5, "index": 444}, {"name": "신규주택", "frequency": 5, "index": 447}, {"name": "신뢰", "frequency": 9, "index": 448}, {"name": "실수요", "frequency": 11, "index": 449}, {"name": "실패", "frequency": 7, "index": 452}, {"name": "아파트", "frequency": 7, "index": 459}, {"name": "악용", "frequency": 7, "index": 463}, {"name": "안정", "frequency": 13, "index": 465}, {"name": "야당", "frequency": 11, "index": 470}, {"name": "양도세", "frequency": 15, "index": 473}, {"name": "얘기", "frequency": 66, "index": 481}, {"name": "얼마", "frequency": 6, "index": 486}, {"name": "역대", "frequency": 10, "index": 493}, {"name": "영역", "frequency": 5, "index": 503}, {"name": "오늘", "frequency": 8, "index": 505}, {"name": "원인", "frequency": 6, "index": 522}, {"name": "원칙", "frequency": 8, "index": 523}, {"name": "유입", "frequency": 5, "index": 535}, {"name": "의견", "frequency": 14, "index": 541}, {"name": "의미", "frequency": 5, "index": 543}, {"name": "의원", "frequency": 26, "index": 545}, {"name": "이번", "frequency": 32, "index": 553}, {"name": "이상", "frequency": 16, "index": 554}, {"name": "이유", "frequency": 10, "index": 557}, {"name": "이익", "frequency": 5, "index": 558}, {"name": "이제", "frequency": 7, "index": 560}, {"name": "이후", "frequency": 10, "index": 565}, {"name": "인정", "frequency": 7, "index": 572}, {"name": "일부", "frequency": 6, "index": 579}, {"name": "임대", "frequency": 11, "index": 587}, {"name": "임대사업", "frequency": 31, "index": 588}, {"name": "임대사업등록", "frequency": 6, "index": 589}, {"name": "임대시장", "frequency": 5, "index": 594}, {"name": "임대주택사업", "frequency": 5, "index": 597}, {"name": "임대차", "frequency": 5, "index": 598}, {"name": "입법", "frequency": 5, "index": 601}, {"name": "입주물량", "frequency": 7, "index": 604}, {"name": "자금", "frequency": 8, "index": 605}, {"name": "작동", "frequency": 7, "index": 615}, {"name": "작용", "frequency": 10, "index": 616}, {"name": "전가", "frequency": 5, "index": 635}, {"name": "정도", "frequency": 20, "index": 654}, {"name": "정부", "frequency": 108, "index": 656}, {"name": "정부정책", "frequency": 5, "index": 659}, {"name": "정상", "frequency": 11, "index": 660}, {"name": "정책", "frequency": 44, "index": 662}, {"name": "제한", "frequency": 6, "index": 670}, {"name": "종부세", "frequency": 7, "index": 687}, {"name": "주요", "frequency": 5, "index": 698}, {"name": "주택", "frequency": 113, "index": 701}, {"name": "주택가격", "frequency": 14, "index": 702}, {"name": "주택공급", "frequency": 7, "index": 704}, {"name": "주택시장", "frequency": 9, "index": 712}, {"name": "주택자", "frequency": 7, "index": 714}, {"name": "주택정책", "frequency": 7, "index": 715}, {"name": "중요", "frequency": 9, "index": 721}, {"name": "증여", "frequency": 6, "index": 728}, {"name": "지금", "frequency": 8, "index": 730}, {"name": "지적", "frequency": 5, "index": 739}, {"name": "집값", "frequency": 17, "index": 751}, {"name": "최배근", "frequency": 5, "index": 784}, {"name": "추가", "frequency": 7, "index": 787}, {"name": "취득세", "frequency": 6, "index": 797}, {"name": "취지", "frequency": 6, "index": 800}, {"name": "토론", "frequency": 5, "index": 812}, {"name": "통과", "frequency": 5, "index": 815}, {"name": "투기", "frequency": 6, "index": 816}, {"name": "특혜", "frequency": 7, "index": 822}, {"name": "폐지", "frequency": 14, "index": 834}, {"name": "포함", "frequency": 6, "index": 836}, {"name": "필요", "frequency": 19, "index": 850}, {"name": "하락", "frequency": 5, "index": 851}, {"name": "해결", "frequency": 11, "index": 859}, {"name": "해제", "frequency": 8, "index": 862}, {"name": "현실", "frequency": 5, "index": 870}, {"name": "혜택", "frequency": 21, "index": 880}, {"name": "환수", "frequency": 12, "index": 894}, {"name": "효과", "frequency": 19, "index": 901}]